-- phpMyAdmin SQL Dump
-- version 5.2.1deb1+deb12u1
-- https://www.phpmyadmin.net/
--
-- Host: localhost:3306
-- Generation Time: Dec 11, 2025 at 09:12 AM
-- Server version: 10.11.14-MariaDB-0+deb12u2
-- PHP Version: 8.2.29

SET SQL_MODE = "NO_AUTO_VALUE_ON_ZERO";
START TRANSACTION;
SET time_zone = "+00:00";


/*!40101 SET @OLD_CHARACTER_SET_CLIENT=@@CHARACTER_SET_CLIENT */;
/*!40101 SET @OLD_CHARACTER_SET_RESULTS=@@CHARACTER_SET_RESULTS */;
/*!40101 SET @OLD_COLLATION_CONNECTION=@@COLLATION_CONNECTION */;
/*!40101 SET NAMES utf8mb4 */;

--
-- Database: `s18100807_smileify`
--

-- --------------------------------------------------------

--
-- Table structure for table `announcements`
--

CREATE TABLE `announcements` (
  `announcement_id` int(11) NOT NULL,
  `title` varchar(255) NOT NULL,
  `description` text NOT NULL,
  `type` enum('General','Closed') NOT NULL
) ENGINE=InnoDB DEFAULT CHARSET=utf8mb4 COLLATE=utf8mb4_general_ci;

--
-- Dumping data for table `announcements`
--

INSERT INTO `announcements` (`announcement_id`, `title`, `description`, `type`) VALUES
(1, 'Staff Meeting', '', 'Closed'),
(2, 'Christmast Party', '', 'Closed'),
(3, 'Quarterly Meeting', '', 'General'),
(4, 'Defense Announcement', 'Closed Due to Defense', 'Closed');

-- --------------------------------------------------------

--
-- Table structure for table `appointment_services`
--

CREATE TABLE `appointment_services` (
  `appointment_services_id` int(11) NOT NULL,
  `appointment_transaction_id` int(11) NOT NULL,
  `service_id` int(11) NOT NULL,
  `quantity` int(11) NOT NULL,
  `date_created` datetime DEFAULT current_timestamp()
) ENGINE=InnoDB DEFAULT CHARSET=utf8mb4 COLLATE=utf8mb4_general_ci;

--
-- Dumping data for table `appointment_services`
--

INSERT INTO `appointment_services` (`appointment_services_id`, `appointment_transaction_id`, `service_id`, `quantity`, `date_created`) VALUES
(4, 4, 2, 0, '2025-11-20 22:35:52'),
(5, 4, 5, 0, '2025-11-20 22:35:52'),
(6, 5, 2, 0, '2025-11-20 23:10:33'),
(7, 5, 3, 0, '2025-11-20 23:10:33'),
(8, 5, 4, 0, '2025-11-20 23:10:33'),
(9, 6, 1, 0, '2025-11-21 00:51:46'),
(10, 7, 1, 0, '2025-11-21 01:08:28'),
(11, 7, 3, 0, '2025-11-21 01:08:28'),
(12, 7, 19, 0, '2025-11-21 01:08:28'),
(13, 8, 1, 0, '2025-11-21 01:08:30'),
(14, 8, 3, 0, '2025-11-21 01:08:30'),
(15, 8, 19, 0, '2025-11-21 01:08:30'),
(16, 9, 3, 0, '2025-11-21 02:17:20'),
(17, 10, 2, 0, '2025-11-21 02:25:35'),
(18, 10, 8, 0, '2025-11-21 02:25:35'),
(19, 11, 1, 0, '2025-11-21 02:46:18'),
(20, 12, 1, 0, '2025-11-21 04:58:37'),
(21, 13, 2, 0, '2025-11-21 05:12:44'),
(22, 13, 4, 0, '2025-11-21 05:12:44'),
(23, 14, 1, 0, '2025-11-21 05:19:41'),
(24, 14, 2, 0, '2025-11-21 05:19:41'),
(25, 14, 3, 0, '2025-11-21 05:19:41'),
(26, 14, 4, 0, '2025-11-21 05:19:41'),
(27, 15, 2, 0, '2025-11-21 08:25:29'),
(28, 16, 2, 0, '2025-11-21 09:44:39'),
(29, 17, 2, 0, '2025-11-21 10:31:38'),
(30, 18, 3, 0, '2025-11-21 10:33:19'),
(31, 19, 9, 0, '2025-11-21 10:34:16'),
(32, 20, 2, 0, '2025-11-22 01:03:01'),
(34, 22, 3, 0, '2025-11-22 03:20:49'),
(35, 23, 3, 0, '2025-11-22 03:20:52'),
(36, 24, 3, 0, '2025-11-22 03:20:55'),
(37, 25, 3, 0, '2025-11-22 03:20:58'),
(38, 26, 3, 0, '2025-11-22 03:21:02'),
(39, 27, 3, 0, '2025-11-22 03:26:07'),
(40, 28, 2, 0, '2025-11-22 11:48:07'),
(41, 29, 21, 0, '2025-11-22 12:34:40'),
(42, 30, 3, 0, '2025-11-22 12:39:52'),
(43, 31, 1, 0, '2025-11-22 12:48:28'),
(44, 32, 2, 0, '2025-11-22 19:27:44'),
(45, 32, 3, 0, '2025-11-22 19:27:44'),
(46, 33, 3, 0, '2025-11-23 02:30:25'),
(47, 34, 4, 0, '2025-11-23 21:21:31'),
(48, 34, 5, 0, '2025-11-23 21:21:31'),
(49, 35, 2, 0, '2025-11-23 21:35:42'),
(50, 36, 2, 0, '2025-11-24 01:18:00'),
(51, 36, 4, 0, '2025-11-24 01:18:00'),
(52, 37, 6, 0, '2025-11-24 03:22:54'),
(53, 38, 21, 0, '2025-11-24 04:14:57'),
(54, 39, 3, 0, '2025-11-24 05:13:09'),
(55, 40, 2, 0, '2025-11-24 06:13:59'),
(56, 40, 3, 0, '2025-11-24 06:13:59'),
(57, 41, 3, 5, '2025-11-24 06:51:02'),
(58, 41, 5, 3, '2025-11-24 06:51:02'),
(59, 42, 2, 4, '2025-11-24 07:00:06'),
(60, 42, 3, 3, '2025-11-24 07:00:06'),
(61, 43, 16, 1, '2025-11-24 07:23:25'),
(62, 43, 19, 2, '2025-11-24 07:23:25'),
(63, 44, 3, 1, '2025-11-24 08:03:31'),
(64, 45, 1, 3, '2025-11-24 08:17:37'),
(65, 45, 5, 3, '2025-11-24 08:17:37'),
(66, 46, 9, 1, '2025-11-24 08:20:27'),
(67, 47, 2, 2, '2025-11-24 08:45:08'),
(68, 47, 3, 1, '2025-11-24 08:45:08'),
(69, 47, 5, 3, '2025-11-24 08:45:08'),
(70, 48, 3, 1, '2025-11-24 09:41:10'),
(71, 52, 6, 1, '2025-11-24 09:49:31'),
(72, 53, 2, 1, '2025-11-24 09:53:14'),
(73, 53, 3, 1, '2025-11-24 09:53:14'),
(75, 55, 18, 1, '2025-11-24 09:58:00'),
(76, 56, 3, 1, '2025-11-24 09:59:23'),
(77, 56, 5, 1, '2025-11-24 09:59:23'),
(78, 56, 6, 1, '2025-11-24 09:59:23'),
(79, 56, 8, 1, '2025-11-24 09:59:23'),
(80, 57, 21, 1, '2025-11-24 10:08:52'),
(81, 58, 1, 1, '2025-11-24 10:30:09'),
(83, 54, 3, 1, '2025-11-24 10:34:24'),
(85, 21, 2, 1, '2025-11-24 10:41:40'),
(86, 2, 18, 1, '2025-11-24 22:50:13'),
(89, 59, 3, 1, '2025-11-24 22:53:35'),
(90, 59, 6, 1, '2025-11-24 22:53:35'),
(91, 60, 2, 1, '2025-11-25 06:34:23'),
(92, 60, 4, 1, '2025-11-25 06:34:23'),
(93, 61, 2, 1, '2025-11-27 14:03:23'),
(94, 62, 2, 1, '2025-12-03 02:16:09'),
(95, 62, 3, 1, '2025-12-03 02:16:09'),
(96, 63, 2, 1, '2025-12-03 02:49:02'),
(97, 63, 3, 1, '2025-12-03 02:49:02'),
(98, 63, 4, 1, '2025-12-03 02:49:02'),
(99, 63, 5, 1, '2025-12-03 02:49:02'),
(100, 64, 2, 1, '2025-12-04 01:53:38'),
(101, 64, 3, 1, '2025-12-04 01:53:38'),
(102, 64, 5, 1, '2025-12-04 01:53:38'),
(103, 64, 6, 1, '2025-12-04 01:53:38'),
(104, 65, 2, 1, '2025-12-04 03:05:07'),
(105, 65, 3, 1, '2025-12-04 03:05:07'),
(106, 66, 15, 1, '2025-12-04 03:20:31'),
(107, 67, 2, 1, '2025-12-04 05:11:53'),
(108, 67, 4, 1, '2025-12-04 05:11:53'),
(114, 70, 6, 1, '2025-12-04 06:11:35'),
(118, 68, 2, 1, '2025-12-04 06:13:00'),
(119, 68, 3, 1, '2025-12-04 06:13:00'),
(120, 68, 4, 1, '2025-12-04 06:13:00'),
(121, 69, 2, 1, '2025-12-04 06:14:42'),
(122, 69, 3, 1, '2025-12-04 06:14:42'),
(123, 69, 5, 1, '2025-12-04 06:14:42'),
(124, 71, 2, 1, '2025-12-04 07:05:30'),
(125, 71, 5, 1, '2025-12-04 07:05:30'),
(126, 72, 2, 1, '2025-12-04 07:08:36'),
(127, 72, 5, 1, '2025-12-04 07:08:37'),
(128, 73, 2, 1, '2025-12-04 07:12:42'),
(129, 73, 4, 1, '2025-12-04 07:12:42'),
(130, 73, 5, 1, '2025-12-04 07:12:42'),
(131, 74, 2, 1, '2025-12-04 07:20:45'),
(132, 74, 4, 1, '2025-12-04 07:20:45'),
(133, 74, 5, 1, '2025-12-04 07:20:45'),
(134, 74, 8, 1, '2025-12-04 07:20:45'),
(135, 75, 2, 1, '2025-12-04 08:31:02'),
(136, 75, 5, 1, '2025-12-04 08:31:02'),
(137, 76, 3, 1, '2025-12-04 08:33:20'),
(138, 77, 9, 1, '2025-12-04 08:44:57'),
(139, 78, 15, 1, '2025-12-04 08:49:45'),
(140, 79, 4, 1, '2025-12-04 08:55:10'),
(141, 80, 6, 1, '2025-12-04 08:58:45'),
(142, 81, 6, 1, '2025-12-04 08:58:46'),
(143, 82, 1, 1, '2025-12-04 09:10:50'),
(144, 83, 21, 1, '2025-12-04 19:02:49'),
(145, 84, 4, 1, '2025-12-04 19:05:11'),
(146, 85, 2, 1, '2025-12-05 01:44:03'),
(147, 86, 2, 1, '2025-12-05 02:06:21'),
(148, 87, 5, 1, '2025-12-09 17:56:11'),
(149, 88, 8, 1, '2025-12-09 18:05:27'),
(150, 89, 15, 1, '2025-12-09 18:59:38'),
(151, 90, 2, 1, '2025-12-09 23:03:45'),
(152, 90, 3, 1, '2025-12-09 23:03:45'),
(153, 90, 5, 1, '2025-12-09 23:03:45'),
(154, 91, 2, 1, '2025-12-09 23:18:06'),
(155, 92, 4, 1, '2025-12-09 23:19:57'),
(156, 93, 2, 1, '2025-12-09 23:21:00');

-- --------------------------------------------------------

--
-- Table structure for table `appointment_transaction`
--

CREATE TABLE `appointment_transaction` (
  `appointment_transaction_id` int(11) NOT NULL,
  `user_id` int(11) NOT NULL,
  `branch_id` int(11) NOT NULL,
  `dentist_id` int(11) DEFAULT NULL,
  `appointment_date` date NOT NULL,
  `appointment_time` time NOT NULL,
  `notes` text NOT NULL,
  `date_created` timestamp NOT NULL DEFAULT current_timestamp(),
  `date_updated` datetime DEFAULT NULL,
  `status` enum('Booked','Completed','Cancelled') NOT NULL,
  `reminder_sent` tinyint(1) DEFAULT 0
) ENGINE=InnoDB DEFAULT CHARSET=utf8mb4 COLLATE=utf8mb4_general_ci;

--
-- Dumping data for table `appointment_transaction`
--

INSERT INTO `appointment_transaction` (`appointment_transaction_id`, `user_id`, `branch_id`, `dentist_id`, `appointment_date`, `appointment_time`, `notes`, `date_created`, `date_updated`, `status`, `reminder_sent`) VALUES
(1, 5, 1, 1, '2025-11-24', '09:00:00', '', '2025-11-19 11:16:06', '2025-11-24 23:19:45', 'Cancelled', 1),
(2, 6, 1, 7, '2025-11-25', '09:00:00', '', '2025-11-19 11:16:08', '2025-12-04 03:06:37', 'Cancelled', 1),
(3, 7, 1, 1, '2025-11-26', '10:00:00', '', '2025-11-19 11:18:41', '2025-12-04 03:07:06', 'Cancelled', 1),
(4, 12, 1, 2, '2025-11-24', '10:00:00', '', '2025-11-20 14:35:52', '2025-11-22 13:47:17', 'Completed', 0),
(5, 13, 1, 2, '2025-11-24', '14:00:00', '', '2025-11-20 15:10:33', '2025-11-21 04:55:13', 'Cancelled', 0),
(6, 14, 1, 2, '2025-11-28', '15:00:00', 'qasds', '2025-11-20 16:51:46', '2025-11-21 09:57:48', 'Cancelled', 0),
(7, 15, 3, 5, '2025-12-25', '15:00:00', '', '2025-11-20 17:08:28', NULL, 'Booked', 0),
(8, 16, 3, 5, '2025-12-25', '15:00:00', '', '2025-11-20 17:08:30', NULL, 'Booked', 0),
(9, 12, 3, 8, '2025-11-22', '09:00:00', '', '2025-11-20 18:17:20', NULL, 'Booked', 0),
(10, 13, 3, 6, '2025-12-02', '10:30:00', '', '2025-11-20 18:25:35', NULL, 'Booked', 0),
(11, 13, 4, 3, '2025-11-21', '09:00:00', '', '2025-11-20 18:46:18', NULL, 'Booked', 0),
(12, 13, 1, 2, '2025-11-21', '13:30:00', '', '2025-11-20 20:58:37', '2025-11-21 05:00:52', 'Completed', 0),
(13, 13, 1, 2, '2025-11-27', '14:30:00', '', '2025-11-20 21:12:44', '2025-11-21 05:22:51', 'Completed', 0),
(14, 13, 1, 9, '2025-11-24', '11:30:00', '', '2025-11-20 21:19:41', '2025-12-04 03:06:12', 'Cancelled', 1),
(15, 18, 1, 2, '2025-11-24', '09:00:00', '', '2025-11-21 00:25:29', '2025-11-21 10:07:12', 'Completed', 0),
(16, 20, 3, 10, '2025-11-25', '09:00:00', 'sakit ngipon', '2025-11-21 01:44:39', NULL, 'Booked', 1),
(17, 21, 1, 2, '2025-11-24', '09:00:00', '', '2025-11-21 02:31:38', '2025-11-21 10:38:13', 'Completed', 0),
(18, 21, 1, 9, '2025-11-24', '09:30:00', '', '2025-11-21 02:33:19', '2025-11-25 08:29:55', 'Cancelled', 1),
(19, 21, 1, 1, '2025-11-24', '10:30:00', 'notes', '2025-11-21 02:34:16', '2025-11-21 10:43:32', 'Completed', 0),
(20, 24, 1, 2, '2025-11-24', '13:00:00', '', '2025-11-21 17:03:01', '2025-11-22 06:12:29', 'Completed', 0),
(21, 25, 1, 1, '2025-11-27', '09:00:00', '', '2025-11-21 19:20:44', '2025-11-24 10:41:40', 'Booked', 1),
(22, 26, 1, 1, '2025-11-24', '09:00:00', '', '2025-11-21 19:20:48', '2025-11-24 23:24:47', 'Cancelled', 1),
(23, 27, 1, 1, '2025-11-24', '09:00:00', '', '2025-11-21 19:20:51', '2025-11-24 23:18:10', 'Cancelled', 1),
(24, 28, 1, 1, '2025-11-24', '09:00:00', '', '2025-11-21 19:20:55', '2025-11-24 02:17:57', 'Cancelled', 1),
(25, 29, 1, 1, '2025-11-24', '09:00:00', '', '2025-11-21 19:20:58', '2025-11-25 06:41:15', 'Completed', 1),
(26, 30, 1, 1, '2025-11-24', '09:00:00', '', '2025-11-21 19:21:01', '2025-11-22 11:44:30', 'Cancelled', 0),
(27, 31, 1, 2, '2025-11-22', '09:00:00', '', '2025-11-21 19:26:07', '2025-11-22 10:42:14', 'Completed', 0),
(28, 24, 1, 2, '2025-11-24', '13:00:00', '', '2025-11-22 03:48:07', '2025-12-04 03:06:20', 'Cancelled', 1),
(29, 36, 5, 11, '2025-11-24', '14:30:00', 'test', '2025-11-22 04:34:40', NULL, 'Booked', 0),
(30, 36, 1, 5, '2025-11-25', '09:30:00', 'aaaaa', '2025-11-22 04:39:52', '2025-12-04 03:06:49', 'Cancelled', 1),
(31, 36, 2, 6, '2026-01-14', '10:30:00', '111', '2025-11-22 04:48:28', NULL, 'Booked', 0),
(32, 37, 1, 1, '2025-11-27', '11:30:00', '', '2025-11-22 11:27:44', NULL, 'Booked', 0),
(33, 38, 1, 5, '2025-11-25', '10:30:00', '', '2025-11-22 18:30:25', '2025-12-04 03:06:57', 'Cancelled', 1),
(34, 39, 4, 7, '2025-12-17', '09:00:00', '', '2025-11-23 13:21:31', NULL, 'Booked', 0),
(35, 40, 4, 3, '2025-12-17', '13:00:00', '', '2025-11-23 13:35:42', NULL, 'Booked', 0),
(36, 41, 4, 7, '2025-11-28', '10:30:00', '', '2025-11-23 17:18:00', NULL, 'Booked', 0),
(37, 42, 3, 5, '2025-12-04', '13:00:00', '', '2025-11-23 19:22:54', NULL, 'Booked', 1),
(38, 43, 5, 11, '2025-11-25', '12:30:00', 'I don\'t like chewing', '2025-11-23 20:14:57', NULL, 'Booked', 1),
(39, 38, 1, 2, '2025-11-24', '09:00:00', '', '2025-11-23 21:13:09', '2025-11-25 01:18:41', 'Completed', 0),
(40, 38, 1, 9, '2025-12-01', '09:00:00', '', '2025-11-23 22:13:59', '2025-12-04 03:07:34', 'Cancelled', 0),
(41, 44, 1, 2, '2025-11-24', '10:00:00', '', '2025-11-23 22:51:02', '2025-12-04 03:05:39', 'Completed', 0),
(42, 45, 1, 1, '2025-11-24', '10:00:00', '', '2025-11-23 23:00:06', '2025-11-25 10:32:13', 'Completed', 0),
(43, 45, 1, 1, '2025-11-24', '11:30:00', '', '2025-11-23 23:23:25', '2025-12-04 03:06:04', 'Cancelled', 0),
(44, 46, 3, 6, '2025-11-25', '14:00:00', '', '2025-11-24 00:03:31', NULL, 'Booked', 1),
(45, 47, 1, 9, '2025-11-24', '10:30:00', '', '2025-11-24 00:17:37', '2025-12-04 03:05:48', 'Cancelled', 0),
(46, 48, 3, 8, '2025-11-25', '10:30:00', 'Test', '2025-11-24 00:20:27', NULL, 'Booked', 1),
(47, 47, 2, 6, '2025-11-24', '11:30:00', '', '2025-11-24 00:45:08', '2025-11-25 06:38:07', 'Completed', 0),
(48, 49, 1, 2, '2025-11-24', '11:30:00', '', '2025-11-24 01:41:10', '2025-12-04 03:05:56', 'Cancelled', 0),
(52, 53, 1, 2, '2025-11-24', '13:30:00', '', '2025-11-24 01:49:31', '2025-12-04 03:06:28', 'Cancelled', 0),
(53, 53, 2, 2, '2025-11-25', '09:30:00', '', '2025-11-24 01:53:14', NULL, 'Booked', 0),
(54, 53, 5, 11, '2025-11-25', '09:00:00', '', '2025-11-24 01:55:28', '2025-11-24 10:34:24', 'Booked', 0),
(55, 54, 3, 11, '2025-11-28', '10:00:00', '', '2025-11-24 01:58:00', NULL, 'Booked', 0),
(56, 54, 3, 5, '2025-11-28', '09:00:00', '', '2025-11-24 01:59:23', NULL, 'Booked', 0),
(57, 54, 5, 11, '2025-11-24', '10:30:00', '', '2025-11-24 02:08:52', NULL, 'Booked', 0),
(58, 55, 3, 5, '2025-12-11', '16:00:00', '', '2025-11-24 02:30:09', NULL, 'Booked', 0),
(59, 12, 1, 2, '2025-11-28', '11:30:00', '', '2025-11-24 14:52:55', '2025-11-24 23:25:41', 'Cancelled', 0),
(60, 56, 4, 9, '2025-11-29', '14:00:00', '', '2025-11-24 22:34:23', NULL, 'Booked', 0),
(61, 57, 3, 8, '2025-12-03', '14:00:00', '', '2025-11-27 06:03:23', NULL, 'Booked', 0),
(62, 58, 1, 2, '2025-12-04', '09:00:00', 'Toothache', '2025-12-02 18:16:09', '2025-12-04 00:50:37', 'Completed', 1),
(63, 62, 1, 11, '2025-12-04', '09:00:00', '11:30 AM mauss', '2025-12-02 18:49:02', '2025-12-03 22:30:48', 'Completed', 0),
(64, 58, 1, 2, '2025-12-11', '09:00:00', '', '2025-12-03 17:53:38', '2025-12-04 02:00:50', 'Completed', 0),
(65, 61, 1, 2, '2025-12-15', '09:00:00', '', '2025-12-03 19:05:07', '2025-12-04 06:07:04', 'Cancelled', 0),
(66, 63, 1, 2, '2025-12-15', '10:30:00', '', '2025-12-03 19:20:31', '2025-12-04 06:07:36', 'Cancelled', 0),
(67, 62, 1, 9, '2025-12-15', '09:00:00', '', '2025-12-03 21:11:53', '2025-12-04 05:47:10', 'Completed', 0),
(68, 61, 3, 6, '2025-12-09', '13:00:00', '', '2025-12-03 22:08:02', '2025-12-04 06:13:00', 'Booked', 0),
(69, 62, 1, 1, '2025-12-10', '14:00:00', '', '2025-12-03 22:09:02', '2025-12-04 06:16:37', 'Completed', 0),
(70, 64, 1, 5, '2025-12-09', '10:30:00', '', '2025-12-03 22:11:35', '2025-12-04 06:14:17', 'Cancelled', 0),
(71, 65, 1, 5, '2025-12-09', '09:00:00', '', '2025-12-03 23:05:30', NULL, 'Booked', 0),
(72, 66, 1, 7, '2025-12-09', '09:00:00', '', '2025-12-03 23:08:36', NULL, 'Booked', 0),
(73, 68, 1, 11, '2025-12-11', '09:00:00', '', '2025-12-03 23:12:42', NULL, 'Booked', 0),
(74, 70, 1, 1, '2025-12-11', '09:00:00', '', '2025-12-03 23:20:45', NULL, 'Booked', 0),
(75, 61, 1, 2, '2025-12-11', '09:00:00', '', '2025-12-04 00:31:02', '2025-12-09 20:30:54', 'Completed', 0),
(76, 61, 1, 2, '2025-12-11', '10:00:00', '', '2025-12-04 00:33:20', NULL, 'Booked', 0),
(77, 61, 1, 2, '2025-12-11', '11:00:00', '', '2025-12-04 00:44:57', NULL, 'Booked', 0),
(78, 71, 1, 1, '2025-12-11', '13:30:00', '', '2025-12-04 00:49:45', NULL, 'Booked', 0),
(79, 71, 1, 11, '2025-12-11', '15:00:00', '', '2025-12-04 00:55:10', NULL, 'Booked', 0),
(80, 72, 1, 2, '2025-12-12', '09:00:00', '', '2025-12-04 00:58:45', NULL, 'Booked', 1),
(81, 73, 1, 2, '2025-12-12', '09:00:00', '', '2025-12-04 00:58:46', NULL, 'Booked', 1),
(82, 12, 1, 2, '2025-12-05', '10:30:00', '', '2025-12-04 01:10:50', '2025-12-05 03:17:11', 'Completed', 0),
(83, 72, 5, 11, '2025-12-05', '09:00:00', '', '2025-12-04 11:02:49', NULL, 'Booked', 1),
(84, 74, 1, 2, '2025-12-05', '09:00:00', '', '2025-12-04 11:05:11', NULL, 'Booked', 1),
(85, 75, 1, 2, '2025-12-06', '09:00:00', 'Checkup only', '2025-12-04 17:44:03', NULL, 'Booked', 0),
(86, 56, 1, 2, '2025-12-06', '09:30:00', '', '2025-12-04 18:06:21', '2025-12-05 03:04:34', 'Completed', 0),
(87, 78, 1, 1, '2025-12-10', '09:00:00', '', '2025-12-09 09:56:11', '2025-12-09 22:13:40', 'Completed', 0),
(88, 80, 1, 2, '2025-12-10', '09:00:00', '', '2025-12-09 10:05:27', NULL, 'Booked', 0),
(89, 81, 1, 2, '2025-12-25', '09:00:00', '', '2025-12-09 10:59:38', NULL, 'Booked', 0),
(90, 78, 1, 5, '2025-12-23', '09:00:00', '', '2025-12-09 15:03:45', NULL, 'Booked', 0),
(91, 79, 1, 1, '2025-12-10', '09:00:00', '', '2025-12-09 15:18:06', NULL, 'Booked', 0),
(92, 82, 1, 11, '2025-12-10', '09:00:00', '', '2025-12-09 15:19:57', NULL, 'Booked', 0),
(93, 82, 1, 11, '2025-12-10', '11:00:00', '', '2025-12-09 15:21:00', NULL, 'Booked', 0);

-- --------------------------------------------------------

--
-- Table structure for table `branch`
--

CREATE TABLE `branch` (
  `branch_id` int(11) NOT NULL,
  `name` varchar(50) NOT NULL,
  `nickname` varchar(255) NOT NULL,
  `address` varchar(255) DEFAULT NULL,
  `phone_number` varchar(50) DEFAULT NULL,
  `status` enum('Active','Inactive') DEFAULT 'Active',
  `date_created` datetime NOT NULL DEFAULT current_timestamp(),
  `date_updated` datetime NOT NULL DEFAULT current_timestamp() ON UPDATE current_timestamp(),
  `map_url` text NOT NULL
) ENGINE=InnoDB DEFAULT CHARSET=utf8mb4 COLLATE=utf8mb4_general_ci;

--
-- Dumping data for table `branch`
--

INSERT INTO `branch` (`branch_id`, `name`, `nickname`, `address`, `phone_number`, `status`, `date_created`, `date_updated`, `map_url`) VALUES
(1, 'Babag 2, Lapu-Lapu City', 'Babag 2', '2nd Floor RM Arcade, Babag 2, Lapu-Lapu City', '0927350583', 'Active', '2025-11-19 18:52:35', '2025-11-22 07:03:54', 'https://maps.app.goo.gl/8okHqFg5fRn4xMyV6'),
(2, 'Pusok, Lapu-Lapu City', 'Pusok', 'Modejar Building (Room 306), City Hall Road, Pusok, Lapu-Lapu City', '0927350583', 'Active', '2025-11-19 18:58:01', '2025-11-22 07:03:46', 'https://maps.app.goo.gl/EUQVQkys2wSabHwKA'),
(3, 'Pakna-an, Mandaue City (Main Branch)', 'Mandaue', 'Jayme Street, Zone Ube, Pakna-an, Mandaue City', '0927350583', 'Active', '2025-11-20 18:37:28', '2025-11-22 07:04:05', 'https://maps.app.goo.gl/pMai2KSgVv3hj1tZA'),
(4, 'Pajo, Lapu-Lapu City', 'Pajo', '2nd Floor Godinez Building, Punta Rizal Street, Pajo, Lapu-Lapu City', '0927350583', 'Active', '2025-11-20 18:46:18', '2025-11-22 07:04:37', 'https://maps.app.goo.gl/8TbnC52Wrs5HymMBA'),
(5, 'Cordova', 'Cordova', 'Poblacion, Cordova, Cebu', '9123456789', 'Active', '2025-11-21 04:05:19', '2025-11-22 07:04:44', 'https://www.google.com/maps/place/Poblacion,+Cordova,+Cebu/@10.250377,123.9515707,15z/data=!3m1!4b1!4m6!3m5!1s0x33a99af518835cd9:0x9b54201fef660c0b!8m2!3d10.2511434!4d123.9513093!16s%2Fg%2F11f0wls8th?entry=ttu&g_ep=EgoyMDI1MTExNy4wIKXMDSoASAFQAw%3D%3D'),
(6, 'Talamban', 'Talamban', 'Tc', '9055626239', 'Inactive', '2025-11-21 09:34:54', '2025-11-22 07:04:49', 'https://maps.app.goo.gl/LMG6as5DcHN1tz4d9'),
(7, 'Moalboal', 'Moalboal', 'Moalboal, Cebu', '9762220456', 'Inactive', '2025-11-22 00:49:12', '2025-11-22 07:04:56', 'https://www.google.com/maps/place/OdontoKraft+Dental+Clinic/@9.9388304,123.3921833,17z/data=!3m1!4b1!4m6!3m5!1s0x33abe910882cc981:0x601205050a4d38ee!8m2!3d9.9388251!4d123.3947582!16s%2Fg%2F11pc9l_37r?entry=ttu&g_ep=EgoyMDI1MTExNy4wIKXMDSoASAFQAw%3D%3D'),
(8, 'Bankal, LLC', 'Bankal', 'Deca 4 Bankal', '9055626239', 'Inactive', '2025-12-06 20:28:46', '2025-12-09 16:36:16', 'https://maps.app.goo.gl/T6kDMGaEbmy7hspt8');

-- --------------------------------------------------------

--
-- Table structure for table `branch_announcements`
--

CREATE TABLE `branch_announcements` (
  `id` int(11) NOT NULL,
  `announcement_id` int(11) NOT NULL,
  `branch_id` int(11) NOT NULL,
  `status` enum('Active','Inactive') DEFAULT 'Active',
  `start_date` date DEFAULT NULL,
  `end_date` date DEFAULT NULL,
  `date_created` datetime DEFAULT current_timestamp(),
  `date_updated` datetime DEFAULT current_timestamp() ON UPDATE current_timestamp()
) ENGINE=InnoDB DEFAULT CHARSET=utf8mb4 COLLATE=utf8mb4_general_ci;

--
-- Dumping data for table `branch_announcements`
--

INSERT INTO `branch_announcements` (`id`, `announcement_id`, `branch_id`, `status`, `start_date`, `end_date`, `date_created`, `date_updated`) VALUES
(1, 1, 1, 'Active', '2025-11-28', '2025-11-28', '2025-11-21 06:08:12', '2025-11-23 03:45:53'),
(2, 2, 1, 'Active', '2025-12-22', '2025-12-22', '2025-11-21 06:09:02', '2025-11-21 06:10:06'),
(3, 3, 1, 'Active', '2025-12-17', '2025-12-17', '2025-11-22 12:07:17', '2025-11-22 12:07:17'),
(4, 4, 1, 'Active', '2025-12-14', '2025-12-20', '2025-12-09 17:33:08', '2025-12-09 17:43:37');

-- --------------------------------------------------------

--
-- Table structure for table `branch_promo`
--

CREATE TABLE `branch_promo` (
  `branch_promo_id` int(11) NOT NULL,
  `branch_id` int(11) DEFAULT NULL,
  `promo_id` int(11) NOT NULL,
  `status` enum('Active','Inactive') DEFAULT 'Active',
  `start_date` date DEFAULT NULL,
  `end_date` date DEFAULT NULL
) ENGINE=InnoDB DEFAULT CHARSET=utf8mb4 COLLATE=utf8mb4_general_ci;

--
-- Dumping data for table `branch_promo`
--

INSERT INTO `branch_promo` (`branch_promo_id`, `branch_id`, `promo_id`, `status`, `start_date`, `end_date`) VALUES
(1, 1, 1, 'Active', NULL, NULL),
(2, 4, 1, 'Active', NULL, NULL),
(3, 3, 1, 'Active', NULL, NULL),
(4, 2, 1, 'Active', NULL, NULL),
(5, 1, 2, 'Active', '2025-11-20', '2026-01-05'),
(6, 4, 2, 'Active', '2025-11-20', '2026-01-05'),
(7, 3, 2, 'Active', '2025-11-20', '2026-01-05'),
(8, 2, 2, 'Active', '2025-11-20', '2026-01-05'),
(9, 1, 3, 'Inactive', '2025-12-31', '2026-01-30'),
(10, 4, 3, 'Active', '2025-12-31', '2026-01-30'),
(11, 3, 3, 'Active', '2025-12-31', '2026-01-30'),
(12, 2, 3, 'Active', '2025-12-31', '2026-01-30'),
(13, 1, 4, 'Active', '2025-11-22', '2025-11-29'),
(14, 5, 4, 'Active', '2025-11-22', '2025-11-29'),
(15, 4, 4, 'Active', '2025-11-22', '2025-11-29'),
(16, 3, 4, 'Active', '2025-11-22', '2025-11-29'),
(17, 2, 4, 'Active', '2025-11-22', '2025-11-29'),
(24, 1, 6, 'Active', '2025-11-28', '2025-12-01'),
(25, 5, 6, 'Active', '2025-11-28', '2025-12-01'),
(26, 7, 6, 'Active', '2025-11-28', '2025-12-01'),
(27, 4, 6, 'Active', '2025-11-28', '2025-12-01'),
(28, 3, 6, 'Active', '2025-11-28', '2025-12-01'),
(29, 2, 6, 'Active', '2025-11-28', '2025-12-01'),
(30, 6, 6, 'Active', '2025-11-28', '2025-12-01'),
(31, 1, 5, 'Active', '2025-11-24', '2025-12-01'),
(32, 2, 5, 'Active', '2025-11-24', '2025-12-01'),
(33, 3, 5, 'Active', '2025-11-24', '2025-12-01'),
(34, 4, 5, 'Active', '2025-11-24', '2025-12-01'),
(35, 5, 5, 'Active', '2025-11-24', '2025-12-01'),
(36, 6, 5, 'Active', '2025-11-24', '2025-12-01'),
(37, 7, 5, 'Active', '2025-11-24', '2025-12-01'),
(62, 1, 7, 'Active', '2025-12-09', '2026-01-09'),
(63, 2, 7, 'Active', '2025-12-09', '2026-01-09'),
(64, 3, 7, 'Active', '2025-12-09', '2026-01-09'),
(65, 4, 7, 'Active', '2025-12-09', '2026-01-09'),
(66, 5, 7, 'Active', '2025-12-09', '2026-01-09'),
(67, 7, 7, 'Active', '2025-12-09', '2026-01-09'),
(68, 8, 7, 'Active', '2025-12-09', '2026-01-09');

-- --------------------------------------------------------

--
-- Table structure for table `branch_service`
--

CREATE TABLE `branch_service` (
  `branch_services_id` int(11) NOT NULL,
  `branch_id` int(11) DEFAULT NULL,
  `service_id` int(11) NOT NULL,
  `status` enum('Active','Inactive') NOT NULL,
  `date_created` datetime DEFAULT current_timestamp(),
  `date_updated` datetime DEFAULT current_timestamp() ON UPDATE current_timestamp()
) ENGINE=InnoDB DEFAULT CHARSET=utf8mb4 COLLATE=utf8mb4_general_ci;

--
-- Dumping data for table `branch_service`
--

INSERT INTO `branch_service` (`branch_services_id`, `branch_id`, `service_id`, `status`, `date_created`, `date_updated`) VALUES
(45, 1, 2, 'Active', '2025-11-20 18:49:52', '2025-11-20 18:49:52'),
(46, 2, 2, 'Active', '2025-11-20 18:49:52', '2025-11-20 18:49:52'),
(47, 3, 2, 'Active', '2025-11-20 18:49:52', '2025-11-20 18:49:52'),
(48, 4, 2, 'Active', '2025-11-20 18:49:52', '2025-11-20 18:49:52'),
(49, 1, 3, 'Active', '2025-11-20 18:50:06', '2025-11-21 05:46:00'),
(50, 2, 3, 'Active', '2025-11-20 18:50:06', '2025-11-20 18:50:06'),
(51, 3, 3, 'Active', '2025-11-20 18:50:06', '2025-11-20 18:50:06'),
(52, 4, 3, 'Active', '2025-11-20 18:50:06', '2025-11-20 18:50:06'),
(53, 1, 4, 'Active', '2025-11-20 18:50:13', '2025-11-20 18:50:13'),
(54, 2, 4, 'Active', '2025-11-20 18:50:13', '2025-11-20 18:50:13'),
(55, 3, 4, 'Active', '2025-11-20 18:50:13', '2025-11-20 18:50:13'),
(56, 4, 4, 'Active', '2025-11-20 18:50:13', '2025-11-20 18:50:13'),
(57, 1, 5, 'Active', '2025-11-20 18:50:28', '2025-11-20 18:50:28'),
(58, 2, 5, 'Active', '2025-11-20 18:50:28', '2025-11-20 18:50:28'),
(59, 3, 5, 'Active', '2025-11-20 18:50:28', '2025-11-20 18:50:28'),
(60, 4, 5, 'Active', '2025-11-20 18:50:28', '2025-11-20 18:50:28'),
(61, 1, 6, 'Active', '2025-11-20 18:51:13', '2025-11-20 18:51:13'),
(62, 2, 6, 'Active', '2025-11-20 18:51:13', '2025-11-20 18:51:13'),
(63, 3, 6, 'Active', '2025-11-20 18:51:13', '2025-11-20 18:51:13'),
(64, 4, 6, 'Active', '2025-11-20 18:51:13', '2025-11-20 18:51:13'),
(65, 1, 7, 'Active', '2025-11-20 18:51:19', '2025-11-20 18:51:19'),
(66, 2, 7, 'Active', '2025-11-20 18:51:19', '2025-11-20 18:51:19'),
(67, 3, 7, 'Active', '2025-11-20 18:51:19', '2025-11-20 18:51:19'),
(68, 4, 7, 'Active', '2025-11-20 18:51:19', '2025-11-20 18:51:19'),
(69, 1, 8, 'Active', '2025-11-20 18:51:28', '2025-11-20 18:51:28'),
(70, 2, 8, 'Active', '2025-11-20 18:51:28', '2025-11-20 18:51:28'),
(71, 3, 8, 'Active', '2025-11-20 18:51:28', '2025-11-20 18:51:28'),
(72, 4, 8, 'Active', '2025-11-20 18:51:28', '2025-11-20 18:51:28'),
(73, 1, 9, 'Active', '2025-11-20 18:51:59', '2025-11-20 18:51:59'),
(74, 2, 9, 'Active', '2025-11-20 18:51:59', '2025-11-20 18:51:59'),
(75, 3, 9, 'Active', '2025-11-20 18:51:59', '2025-11-20 18:51:59'),
(76, 4, 9, 'Active', '2025-11-20 18:51:59', '2025-11-20 18:51:59'),
(77, 1, 10, 'Active', '2025-11-20 18:52:04', '2025-11-20 18:52:04'),
(78, 2, 10, 'Active', '2025-11-20 18:52:04', '2025-11-20 18:52:04'),
(79, 3, 10, 'Active', '2025-11-20 18:52:04', '2025-11-20 18:52:04'),
(80, 4, 10, 'Active', '2025-11-20 18:52:04', '2025-11-20 18:52:04'),
(81, 1, 11, 'Active', '2025-11-20 18:52:12', '2025-11-20 18:52:12'),
(82, 2, 11, 'Active', '2025-11-20 18:52:12', '2025-11-20 18:52:12'),
(83, 3, 11, 'Active', '2025-11-20 18:52:12', '2025-11-20 18:52:12'),
(84, 4, 11, 'Active', '2025-11-20 18:52:12', '2025-11-20 18:52:12'),
(85, 1, 12, 'Active', '2025-11-20 18:54:33', '2025-11-20 18:54:33'),
(86, 2, 12, 'Active', '2025-11-20 18:54:33', '2025-11-20 18:54:33'),
(87, 3, 12, 'Active', '2025-11-20 18:54:33', '2025-11-20 18:54:33'),
(88, 4, 12, 'Active', '2025-11-20 18:54:33', '2025-11-20 18:54:33'),
(89, 1, 13, 'Active', '2025-11-20 18:54:54', '2025-11-20 18:54:54'),
(90, 2, 13, 'Active', '2025-11-20 18:54:54', '2025-11-20 18:54:54'),
(91, 3, 13, 'Active', '2025-11-20 18:54:54', '2025-11-20 18:54:54'),
(92, 4, 13, 'Active', '2025-11-20 18:54:54', '2025-11-20 18:54:54'),
(93, 1, 14, 'Active', '2025-11-20 18:55:03', '2025-11-21 03:19:23'),
(94, 2, 14, 'Active', '2025-11-20 18:55:03', '2025-11-20 18:55:03'),
(95, 3, 14, 'Active', '2025-11-20 18:55:03', '2025-11-20 18:55:03'),
(96, 4, 14, 'Active', '2025-11-20 18:55:03', '2025-11-20 18:55:03'),
(97, 1, 15, 'Active', '2025-11-20 18:55:18', '2025-11-20 18:55:18'),
(98, 2, 15, 'Active', '2025-11-20 18:55:18', '2025-11-20 18:55:18'),
(99, 3, 15, 'Active', '2025-11-20 18:55:18', '2025-11-20 18:55:18'),
(100, 4, 15, 'Active', '2025-11-20 18:55:18', '2025-11-20 18:55:18'),
(101, 1, 16, 'Active', '2025-11-20 18:55:24', '2025-11-20 18:55:24'),
(102, 2, 16, 'Active', '2025-11-20 18:55:24', '2025-11-20 18:55:24'),
(103, 3, 16, 'Active', '2025-11-20 18:55:24', '2025-11-20 18:55:24'),
(104, 4, 16, 'Active', '2025-11-20 18:55:24', '2025-11-20 18:55:24'),
(105, 1, 17, 'Active', '2025-11-20 18:55:33', '2025-11-20 18:55:33'),
(106, 2, 17, 'Active', '2025-11-20 18:55:33', '2025-11-20 18:55:33'),
(107, 3, 17, 'Active', '2025-11-20 18:55:33', '2025-11-20 18:55:33'),
(108, 4, 17, 'Active', '2025-11-20 18:55:33', '2025-11-20 18:55:33'),
(109, 1, 18, 'Active', '2025-11-20 18:55:42', '2025-11-20 18:55:42'),
(110, 2, 18, 'Active', '2025-11-20 18:55:42', '2025-11-20 18:55:42'),
(111, 3, 18, 'Active', '2025-11-20 18:55:42', '2025-11-20 18:55:42'),
(112, 4, 18, 'Active', '2025-11-20 18:55:42', '2025-11-20 18:55:42'),
(113, 1, 19, 'Active', '2025-11-20 18:55:48', '2025-11-20 18:55:48'),
(114, 2, 19, 'Active', '2025-11-20 18:55:48', '2025-11-20 18:55:48'),
(115, 3, 19, 'Active', '2025-11-20 18:55:48', '2025-11-20 18:55:48'),
(116, 4, 19, 'Active', '2025-11-20 18:55:48', '2025-11-20 18:55:48'),
(117, 1, 20, 'Active', '2025-11-21 03:42:39', '2025-11-21 03:42:39'),
(118, 4, 20, 'Active', '2025-11-21 03:42:39', '2025-11-21 03:42:39'),
(119, 3, 20, 'Active', '2025-11-21 03:42:39', '2025-11-21 03:42:39'),
(120, 2, 20, 'Active', '2025-11-21 03:42:39', '2025-11-21 03:42:39'),
(126, 1, 22, 'Active', '2025-11-22 00:29:04', '2025-11-22 00:29:04'),
(127, 5, 22, 'Active', '2025-11-22 00:29:04', '2025-11-22 00:29:04'),
(128, 4, 22, 'Active', '2025-11-22 00:29:04', '2025-11-22 00:29:04'),
(129, 3, 22, 'Active', '2025-11-22 00:29:04', '2025-11-22 00:29:04'),
(130, 2, 22, 'Active', '2025-11-22 00:29:04', '2025-11-22 00:29:04'),
(131, 6, 22, 'Active', '2025-11-22 00:29:04', '2025-11-22 00:29:04'),
(132, 1, 23, 'Active', '2025-11-22 19:57:12', '2025-11-22 19:57:12'),
(133, 5, 23, 'Active', '2025-11-22 19:57:12', '2025-11-22 19:57:12'),
(134, 7, 23, 'Active', '2025-11-22 19:57:12', '2025-11-22 19:57:12'),
(135, 4, 23, 'Active', '2025-11-22 19:57:12', '2025-11-22 19:57:12'),
(136, 3, 23, 'Active', '2025-11-22 19:57:12', '2025-11-22 19:57:12'),
(137, 2, 23, 'Active', '2025-11-22 19:57:12', '2025-11-22 19:57:12'),
(138, 6, 23, 'Active', '2025-11-22 19:57:12', '2025-11-22 19:57:12'),
(146, 1, 21, 'Active', '2025-11-23 05:19:52', '2025-11-23 05:19:52'),
(147, 2, 21, 'Active', '2025-11-23 05:19:52', '2025-11-23 05:19:52'),
(148, 3, 21, 'Active', '2025-11-23 05:19:52', '2025-11-23 05:19:52'),
(149, 4, 21, 'Active', '2025-11-23 05:19:52', '2025-11-23 05:19:52'),
(150, 5, 21, 'Active', '2025-11-23 05:19:52', '2025-11-23 05:19:52'),
(151, 6, 21, 'Active', '2025-11-23 05:19:52', '2025-11-23 05:19:52'),
(152, 7, 21, 'Active', '2025-11-23 05:19:52', '2025-11-23 05:19:52'),
(174, 1, 1, 'Active', '2025-12-06 21:26:11', '2025-12-06 21:26:11'),
(175, 2, 1, 'Active', '2025-12-06 21:26:11', '2025-12-06 21:26:11'),
(176, 3, 1, 'Active', '2025-12-06 21:26:11', '2025-12-06 21:26:11'),
(177, 4, 1, 'Active', '2025-12-06 21:26:11', '2025-12-06 21:26:11'),
(178, 5, 1, 'Active', '2025-12-06 21:26:11', '2025-12-06 21:26:11'),
(179, 6, 1, 'Active', '2025-12-06 21:26:11', '2025-12-06 21:26:11'),
(180, 7, 1, 'Active', '2025-12-06 21:26:11', '2025-12-06 21:26:11'),
(181, 8, 1, 'Active', '2025-12-06 21:26:11', '2025-12-06 21:26:11'),
(198, 1, 24, 'Active', '2025-12-09 15:33:36', '2025-12-09 15:33:36'),
(199, 2, 24, 'Active', '2025-12-09 15:33:36', '2025-12-09 15:33:36'),
(200, 3, 24, 'Active', '2025-12-09 15:33:36', '2025-12-09 15:33:36'),
(201, 4, 24, 'Active', '2025-12-09 15:33:36', '2025-12-09 15:33:36'),
(202, 5, 24, 'Active', '2025-12-09 15:33:36', '2025-12-09 15:33:36'),
(203, 6, 24, 'Active', '2025-12-09 15:33:36', '2025-12-09 15:33:36'),
(204, 7, 24, 'Active', '2025-12-09 15:33:36', '2025-12-09 15:33:36'),
(205, 8, 24, 'Active', '2025-12-09 15:33:36', '2025-12-09 15:33:36');

-- --------------------------------------------------------

--
-- Table structure for table `branch_supply`
--

CREATE TABLE `branch_supply` (
  `branch_supplies_id` int(11) NOT NULL,
  `branch_id` int(11) NOT NULL,
  `supply_id` int(11) NOT NULL,
  `quantity` int(11) DEFAULT 0,
  `reorder_level` int(11) DEFAULT 0,
  `expiration_date` date DEFAULT NULL,
  `status` enum('Available','Out of Stock') DEFAULT 'Available',
  `date_created` datetime DEFAULT current_timestamp(),
  `date_updated` datetime DEFAULT current_timestamp() ON UPDATE current_timestamp()
) ENGINE=InnoDB DEFAULT CHARSET=utf8mb4 COLLATE=utf8mb4_general_ci;

--
-- Dumping data for table `branch_supply`
--

INSERT INTO `branch_supply` (`branch_supplies_id`, `branch_id`, `supply_id`, `quantity`, `reorder_level`, `expiration_date`, `status`, `date_created`, `date_updated`) VALUES
(1, 1, 1, 95, 3, '2028-12-30', 'Available', '2025-11-21 04:28:55', '2025-11-25 06:41:15'),
(2, 1, 2, 487, 5, '2028-11-30', 'Available', '2025-11-21 05:39:54', '2025-12-09 22:13:40'),
(3, 1, 3, 150, 3, NULL, 'Available', '2025-11-22 11:57:07', '2025-12-09 22:13:40'),
(4, 1, 4, 500, 50, '2026-02-22', 'Available', '2025-11-22 22:26:56', '2025-12-09 22:13:40'),
(5, 1, 5, 500, 50, NULL, 'Available', '2025-11-22 22:27:32', '2025-12-09 22:13:40'),
(6, 2, 6, 49, 5, NULL, 'Available', '2025-11-25 06:33:46', '2025-11-25 06:38:07'),
(7, 1, 7, 500, 10, '2025-12-10', 'Out of Stock', '2025-12-09 22:24:38', '2025-12-09 22:29:23');

-- --------------------------------------------------------

--
-- Table structure for table `dental_prescription`
--

CREATE TABLE `dental_prescription` (
  `prescription_id` int(11) NOT NULL,
  `appointment_transaction_id` int(11) NOT NULL,
  `admin_user_id` int(11) DEFAULT NULL,
  `drug` varchar(255) NOT NULL,
  `route` varchar(50) DEFAULT NULL,
  `frequency` varchar(50) DEFAULT NULL,
  `dosage` varchar(50) DEFAULT NULL,
  `duration` varchar(50) DEFAULT NULL,
  `quantity` varchar(50) NOT NULL,
  `instructions` text DEFAULT NULL,
  `date_created` timestamp NOT NULL DEFAULT current_timestamp(),
  `date_updated` datetime DEFAULT NULL
) ENGINE=InnoDB DEFAULT CHARSET=utf8mb4 COLLATE=utf8mb4_general_ci;

--
-- Dumping data for table `dental_prescription`
--

INSERT INTO `dental_prescription` (`prescription_id`, `appointment_transaction_id`, `admin_user_id`, `drug`, `route`, `frequency`, `dosage`, `duration`, `quantity`, `instructions`, `date_created`, `date_updated`) VALUES
(1, 5, 8, 'Multivitamins', NULL, '1', '500', '30 days', '30', '', '2025-11-20 20:53:43', '2025-11-21 04:54:29'),
(2, 12, 8, 'Multivitamins', NULL, '1', '500mg', '30', '30', '', '2025-11-20 21:00:48', '2025-11-21 05:00:48'),
(3, 13, 8, 'Immune Pro', NULL, '1', '50', '7 days', '7', '', '2025-11-20 21:22:47', '2025-11-21 05:22:47'),
(4, 15, 8, 'Amoxc', NULL, 'once a day', '60', '7 days', '7', '', '2025-11-21 02:00:59', '2025-11-21 10:00:59'),
(5, 26, 35, 'Amoxicillin 500 mg', NULL, '3x a day', '1 capsule per dose', '7 days', '21 capsules', 'Take after meals', '2025-11-22 03:44:00', '2025-11-22 11:44:00'),
(6, 32, 8, 'Amoxicillin', NULL, '3', '500', '7', '49', 'Eat before you take this.', '2025-11-22 14:17:02', '2025-11-22 22:17:02'),
(7, 41, 8, 'Amox', NULL, 'once', '50mg', '7 days', '90', 'words', '2025-11-25 03:10:23', '2025-11-25 11:11:08'),
(8, 41, 8, 'mefenamic', NULL, '2', '120', '1', '100', 'numbers', '2025-11-25 03:10:58', '2025-11-25 11:10:58'),
(9, 62, 8, 'Amox', NULL, 'twice a day', '50', '1 week', '14', '', '2025-12-03 16:25:49', '2025-12-04 00:25:49'),
(10, 62, 8, 'mefenamic', NULL, 'once a day', '50', '1 week', '7', '', '2025-12-03 16:26:32', '2025-12-04 00:26:32'),
(11, 64, 8, 'Multivitamins', NULL, '3x a day', '60', '1 month', '100', 'Before meal', '2025-12-03 18:00:35', '2025-12-04 02:00:35'),
(12, 64, 8, 'Amoxicillin', NULL, 'once a day', '200', '5 days', '5', '', '2025-12-03 18:00:43', '2025-12-04 02:00:43'),
(13, 67, 8, 'amox', NULL, 'once a day', '50', '7 days', '7', '', '2025-12-03 21:21:55', '2025-12-04 05:21:55'),
(14, 67, 8, 'mefenamic', NULL, 'twice a day', '50', '3 days', '6', '', '2025-12-03 21:22:24', '2025-12-04 05:22:24'),
(15, 69, 8, 'advil', NULL, 'once a day', '20', '3 days', '3', '', '2025-12-03 22:15:16', '2025-12-04 06:15:16'),
(16, 82, 8, 'Amoxicillin', NULL, 'once a day', '200', '5 days', '5', 'before lunch', '2025-12-04 19:14:37', '2025-12-05 03:14:37'),
(17, 82, 8, 'Paracetamol', NULL, 'every 8 hours', '60', '3 days', '10', '', '2025-12-04 19:15:32', '2025-12-05 03:15:32'),
(18, 75, 8, 'Amox', NULL, 'once', '90', '1 week', '10', 'asd', '2025-12-09 12:21:38', '2025-12-09 20:21:38'),
(19, 75, 8, 'Biogesic', NULL, 'once', '60', '3 days', '10', '', '2025-12-09 12:24:35', '2025-12-09 20:25:22');

-- --------------------------------------------------------

--
-- Table structure for table `dental_tips`
--

CREATE TABLE `dental_tips` (
  `tip_id` int(11) NOT NULL,
  `tip_text` varchar(255) NOT NULL,
  `date_created` datetime DEFAULT current_timestamp()
) ENGINE=InnoDB DEFAULT CHARSET=utf8mb4 COLLATE=utf8mb4_general_ci;

-- --------------------------------------------------------

--
-- Table structure for table `dental_transaction`
--

CREATE TABLE `dental_transaction` (
  `dental_transaction_id` int(11) NOT NULL,
  `appointment_transaction_id` int(11) NOT NULL,
  `dentist_id` int(11) NOT NULL,
  `admin_user_id` int(11) DEFAULT NULL,
  `promo_id` int(11) DEFAULT NULL,
  `promo_name` varchar(255) DEFAULT NULL,
  `promo_type` enum('percentage','fixed') DEFAULT NULL,
  `promo_value` decimal(10,2) DEFAULT NULL,
  `payment_method` enum('Cash','Cashless') NOT NULL,
  `cashless_receipt` varchar(255) DEFAULT NULL,
  `xray_file` varchar(255) DEFAULT NULL,
  `total` decimal(10,2) NOT NULL,
  `additional_payment` decimal(10,2) DEFAULT NULL,
  `notes` text DEFAULT NULL,
  `medcert_status` enum('None','Requested','Eligible','Issued','Expired') NOT NULL,
  `medcert_receipt` varchar(255) DEFAULT NULL,
  `fitness_status` varchar(255) DEFAULT NULL,
  `diagnosis` varchar(255) DEFAULT NULL,
  `remarks` varchar(255) DEFAULT NULL,
  `medcert_notes` text DEFAULT NULL,
  `medcert_requested_date` datetime DEFAULT NULL,
  `medcert_request_payment` decimal(10,2) DEFAULT NULL,
  `date_created` timestamp NOT NULL DEFAULT current_timestamp(),
  `date_updated` datetime DEFAULT NULL,
  `prescription_downloaded` tinyint(1) DEFAULT 0
) ENGINE=InnoDB DEFAULT CHARSET=utf8mb4 COLLATE=utf8mb4_general_ci;

--
-- Dumping data for table `dental_transaction`
--

INSERT INTO `dental_transaction` (`dental_transaction_id`, `appointment_transaction_id`, `dentist_id`, `admin_user_id`, `promo_id`, `promo_name`, `promo_type`, `promo_value`, `payment_method`, `cashless_receipt`, `xray_file`, `total`, `additional_payment`, `notes`, `medcert_status`, `medcert_receipt`, `fitness_status`, `diagnosis`, `remarks`, `medcert_notes`, `medcert_requested_date`, `medcert_request_payment`, `date_created`, `date_updated`, `prescription_downloaded`) VALUES
(1, 5, 2, 8, NULL, NULL, NULL, NULL, 'Cash', NULL, NULL, 1600.00, 0.00, 'a', 'None', NULL, '', '', '', NULL, NULL, NULL, '2025-11-20 20:43:59', '2025-11-21 04:44:53', 0),
(2, 12, 9, 8, 2, 'Christmas Dental Promo', 'fixed', 200.00, 'Cash', NULL, NULL, 0.00, 0.00, '', 'Expired', '/images/payments/medcert_payments/2_iway.png', 'fit', 'mild sinusitis', 'drink lots of water and to take vitamin c for immunity', '', '2025-11-21 05:09:14', 150.00, '2025-11-20 20:59:40', '2025-12-04 07:51:43', 1),
(3, 13, 2, 8, 2, 'Christmas Dental Promo', 'fixed', 200.00, 'Cashless', '/images/payments/cashless_payments/3_iway.png', NULL, 700.00, 0.00, '', 'Expired', '/images/payments/medcert_payments/3_iway.png', 'good', 'good', 'good', '', '2025-11-21 05:25:06', 150.00, '2025-11-20 21:21:40', '2025-12-04 07:51:43', 0),
(4, 15, 2, 8, 1, 'Senior Citizen Discount', 'percentage', 20.00, 'Cashless', '/images/payments/cashless_payments/4_amores.png', NULL, 380.00, 100.00, '', 'Expired', NULL, '1 week', 'Impacted', 'none', NULL, '2025-11-21 10:07:12', NULL, '2025-11-21 02:06:23', '2025-12-04 07:51:43', 0),
(5, 17, 2, 8, NULL, NULL, NULL, NULL, 'Cash', NULL, NULL, 200.00, 0.00, '', 'Expired', '/images/payments/medcert_payments/5_potot.png', '1 day', 'diagnose', 'remarks', '', '2025-11-21 10:41:23', 150.00, '2025-11-21 02:37:29', '2025-12-04 07:51:43', 0),
(6, 19, 1, 8, NULL, NULL, NULL, NULL, 'Cash', NULL, NULL, 70000.00, 0.00, '', 'Expired', NULL, '1 year', 'diagnoose', 'none', 'walkin den cert', '2025-11-21 10:44:30', 150.00, '2025-11-21 02:43:23', '2025-12-04 07:51:43', 0),
(7, 20, 2, 8, NULL, NULL, NULL, NULL, 'Cash', NULL, NULL, 450.00, 250.00, 'Hello :)', 'Expired', '/images/payments/medcert_payments/7_panimdim.png', '', '', '', NULL, '2025-11-22 12:14:50', NULL, '2025-11-21 22:11:43', '2025-12-04 07:51:43', 0),
(8, 27, 2, 8, NULL, NULL, NULL, NULL, 'Cash', NULL, NULL, 700.00, 1.00, '', 'None', NULL, '', '', '', NULL, NULL, NULL, '2025-11-22 02:41:59', '2025-11-22 10:42:14', 0),
(9, 26, 1, 35, NULL, NULL, NULL, NULL, 'Cash', NULL, NULL, 700.00, 1.00, '', 'None', NULL, '', '', '', NULL, NULL, NULL, '2025-11-22 03:38:19', '2025-11-22 11:38:19', 0),
(10, 4, 2, 8, NULL, NULL, NULL, NULL, 'Cash', NULL, NULL, 900.00, 1.00, '', 'None', NULL, '', '', '', NULL, NULL, NULL, '2025-11-22 05:43:54', '2025-11-22 13:47:17', 0),
(11, 32, 1, 8, NULL, NULL, NULL, NULL, 'Cash', NULL, NULL, 2100.00, 1.00, '', 'Expired', NULL, '1 week', 'Severe gum bleeding', 'Avoid physical activities', '', '2025-12-05 04:09:30', 100.00, '2025-11-22 14:10:58', '2025-12-05 04:24:07', 0),
(12, 25, 2, 8, 5, 'Anniversary Sale', 'percentage', 20.00, 'Cash', NULL, 'images/transactions/xrays/12_fano.jpg', 12000.00, 0.00, 'note new new', 'None', NULL, '', '', '', NULL, NULL, NULL, '2025-11-23 16:20:16', '2025-11-25 06:41:15', 0),
(13, 39, 2, 8, NULL, NULL, NULL, NULL, 'Cash', NULL, NULL, 700.00, 0.00, '', 'None', NULL, '', '', '', NULL, NULL, NULL, '2025-11-24 02:36:19', '2025-11-25 01:18:41', 0),
(14, 21, 1, 8, NULL, NULL, NULL, NULL, 'Cash', NULL, NULL, 0.00, 0.00, '', 'Expired', '/images/payments/medcert_payments/14_fano.png', '1 week', '', '', '', '2025-12-09 21:51:47', 100.00, '2025-11-24 02:42:56', '2025-12-09 22:07:51', 0),
(15, 47, 6, 11, NULL, NULL, NULL, NULL, 'Cash', NULL, NULL, 15000.00, 0.00, '', 'None', NULL, '', '', '', NULL, NULL, NULL, '2025-11-24 22:37:55', '2025-11-25 06:38:07', 0),
(16, 42, 11, 8, 1, 'Senior Citizen Discount', 'percentage', 20.00, 'Cash', NULL, NULL, 123730.00, 210.00, '', 'None', NULL, '', '', '', NULL, NULL, NULL, '2025-11-25 02:32:04', '2025-11-25 10:32:14', 0),
(17, 41, 2, 8, NULL, NULL, NULL, NULL, 'Cash', NULL, NULL, 1400.00, 0.00, '', 'None', NULL, '1 week', 'diagnose', 'remarks', '', '2025-11-25 11:29:21', 150.00, '2025-11-25 03:11:46', '2025-12-04 03:05:39', 0),
(18, 63, 11, 8, 2, 'Christmas Dental Promo', 'fixed', 200.00, 'Cash', NULL, NULL, 2300.00, 200.00, '', 'Issued', '/images/payments/medcert_payments/18_parchaso.png', '1 week', 'diagnose', 'REMARKS', '', '2025-12-03 23:46:54', 100.00, '2025-12-03 14:30:37', '2025-12-09 23:48:05', 0),
(19, 62, 2, 8, 1, 'Senior Citizen Discount', 'percentage', 20.00, 'Cash', NULL, NULL, 820.00, 100.00, '', 'Issued', '/images/payments/medcert_payments/19_parchaso.jpg', '1 day', 'diag', 'remar', '', '2025-12-04 01:14:46', 100.00, '2025-12-03 16:37:35', '2025-12-04 01:27:47', 1),
(20, 64, 2, 8, 1, 'Senior Citizen Discount', 'percentage', 20.00, 'Cash', NULL, NULL, 800.00, 100.00, '', 'Issued', '/images/payments/medcert_payments/20_parchaso.png', '1 week', 'Severe gum bleeding', 'Avoid physical activities', '', '2025-12-04 02:14:05', 100.00, '2025-12-03 17:59:38', '2025-12-05 04:14:13', 1),
(21, 67, 9, 8, NULL, NULL, NULL, NULL, 'Cash', NULL, NULL, 900.00, 0.00, '', 'Issued', '/images/payments/medcert_payments/21_parchaso.png', '2 dyas', 'none', 'none', '', '2025-12-04 06:00:24', 100.00, '2025-12-03 21:46:59', '2025-12-09 23:47:12', 1),
(22, 69, 1, 8, 1, 'Senior Citizen Discount', 'percentage', 20.00, 'Cash', NULL, NULL, 2456.00, 1370.00, '', 'Issued', NULL, '1 week', 'mild bleeding', 'pls be careful', NULL, '2025-12-04 06:16:37', NULL, '2025-12-03 22:16:23', '2025-12-09 23:47:40', 0),
(23, 86, 2, 8, NULL, NULL, NULL, NULL, 'Cash', NULL, NULL, 200.00, 0.00, '', 'None', NULL, '', '', '', NULL, NULL, NULL, '2025-12-04 19:03:30', '2025-12-05 03:04:34', 0),
(24, 82, 2, 8, 2, 'Christmas Dental Promo', 'fixed', 200.00, 'Cashless', NULL, NULL, 3700.00, 1400.00, '', 'Eligible', NULL, '1 month', 'asd', 'asd', '', '2025-12-09 22:07:23', 150.00, '2025-12-04 19:11:35', '2025-12-09 22:07:23', 0),
(25, 75, 2, 8, NULL, NULL, NULL, NULL, 'Cashless', '/images/payments/cashless_payments/25_parchaso.png', 'images/transactions/xrays/25_parchaso.jpg', 152150.00, 50.00, '', 'Issued', NULL, '1 week', '', '', NULL, '2025-12-09 20:30:54', NULL, '2025-12-09 11:40:13', '2025-12-09 20:58:39', 1),
(26, 87, 1, 8, NULL, NULL, NULL, NULL, 'Cash', NULL, NULL, 700.00, 0.00, '', 'Requested', '/images/payments/medcert_payments/26_doe.png', '', '', '', NULL, '2025-12-09 22:17:00', NULL, '2025-12-09 14:13:12', '2025-12-09 22:17:00', 0);

-- --------------------------------------------------------

--
-- Table structure for table `dental_transaction_services`
--

CREATE TABLE `dental_transaction_services` (
  `id` int(11) NOT NULL,
  `dental_transaction_id` int(11) NOT NULL,
  `service_id` int(11) NOT NULL,
  `service_name` varchar(255) DEFAULT NULL,
  `service_price` decimal(10,2) DEFAULT NULL,
  `quantity` int(11) NOT NULL DEFAULT 1,
  `additional_payment` decimal(10,2) NOT NULL
) ENGINE=InnoDB DEFAULT CHARSET=utf8mb4 COLLATE=utf8mb4_general_ci;

--
-- Dumping data for table `dental_transaction_services`
--

INSERT INTO `dental_transaction_services` (`id`, `dental_transaction_id`, `service_id`, `service_name`, `service_price`, `quantity`, `additional_payment`) VALUES
(1, 1, 2, 'Check Up/Consultation', 200.00, 1, 0.00),
(2, 1, 3, 'Cleaning', 700.00, 1, 0.00),
(3, 1, 4, 'Tooth Filling', 700.00, 1, 0.00),
(4, 2, 2, 'Check Up/Consultation', 200.00, 1, 0.00),
(5, 3, 2, 'Check Up/Consultation', 200.00, 1, 0.00),
(6, 3, 4, 'Tooth Filling', 700.00, 1, 0.00),
(7, 4, 1, 'Dental Certificate', 150.00, 1, 0.00),
(8, 4, 2, 'Check Up/Consultation', 200.00, 1, 0.00),
(9, 5, 2, 'Check Up/Consultation', 200.00, 1, 0.00),
(10, 6, 9, 'Braces (Complicated)', 70000.00, 1, 0.00),
(11, 7, 2, 'Check Up/Consultation', 200.00, 1, 0.00),
(12, 8, 3, 'Cleaning', 700.00, 1, 0.00),
(13, 9, 3, 'Cleaning', 700.00, 1, 0.00),
(14, 10, 2, 'Check Up/Consultation', 200.00, 1, 0.00),
(15, 10, 5, 'Tooth Extraction', 700.00, 1, 0.00),
(16, 11, 2, 'Check Up/Consultation', 200.00, 1, 0.00),
(17, 11, 3, 'Cleaning', 700.00, 1, 0.00),
(18, 11, 23, 'Pasta', 800.00, 1, 0.00),
(26, 13, 3, 'Cleaning', 700.00, 1, 0.00),
(28, 15, 19, 'Veneer', 15000.00, 1, 0.00),
(29, 12, 19, 'Veneer', 15000.00, 1, 0.00),
(30, 16, 2, 'Check Up/Consultation', 200.00, 1, 10.00),
(31, 16, 3, 'Cleaning', 700.00, 1, 20.00),
(32, 16, 5, 'Tooth Extraction', 700.00, 1, 30.00),
(33, 16, 6, 'Wisdom Tooth Extraction', 1600.00, 1, 40.00),
(34, 16, 20, 'Oral Surgery', 150000.00, 1, 50.00),
(35, 16, 21, 'Extract', 1200.00, 1, 60.00),
(36, 17, 3, 'Cleaning', 700.00, 1, 0.00),
(37, 17, 5, 'Tooth Extraction', 700.00, 1, 0.00),
(38, 18, 2, 'Check Up/Consultation', 200.00, 1, 50.00),
(39, 18, 3, 'Cleaning', 700.00, 1, 50.00),
(40, 18, 4, 'Tooth Filling', 700.00, 1, 50.00),
(41, 18, 5, 'Tooth Extraction', 700.00, 1, 50.00),
(42, 19, 2, 'Check Up/Consultation', 200.00, 1, 100.00),
(43, 19, 3, 'Cleaning', 700.00, 1, 0.00),
(44, 20, 2, 'Check Up/Consultation', 200.00, 1, 100.00),
(45, 20, 3, 'Cleaning', 700.00, 1, 0.00),
(46, 21, 2, 'Check Up/Consultation', 200.00, 1, 0.00),
(47, 21, 4, 'Tooth Filling', 700.00, 1, 0.00),
(48, 22, 1, 'Dental Certificate', 100.00, 1, 50.00),
(49, 22, 2, 'Check Up/Consultation', 200.00, 1, 20.00),
(50, 22, 3, 'Cleaning', 700.00, 1, 900.00),
(51, 22, 5, 'Tooth Extraction', 700.00, 1, 400.00),
(52, 23, 2, 'Check Up/Consultation', 200.00, 1, 0.00),
(53, 24, 2, 'Check Up/Consultation', 200.00, 1, 500.00),
(54, 24, 3, 'Cleaning', 700.00, 1, 900.00),
(55, 24, 6, 'Wisdom Tooth Extraction', 1600.00, 1, 0.00),
(64, 25, 1, 'Dental Certificate', 100.00, 1, 0.00),
(65, 25, 2, 'Check Up/Consultation', 200.00, 3, 50.00),
(66, 25, 3, 'Cleaning', 700.00, 1, 0.00),
(67, 25, 5, 'Tooth Extraction', 700.00, 1, 0.00),
(68, 25, 20, 'Oral Surgery', 150000.00, 1, 0.00),
(69, 26, 5, 'Tooth Extraction', 700.00, 1, 0.00);

-- --------------------------------------------------------

--
-- Table structure for table `dental_vital`
--

CREATE TABLE `dental_vital` (
  `vitals_id` int(11) NOT NULL,
  `appointment_transaction_id` int(11) NOT NULL,
  `admin_user_id` int(11) DEFAULT NULL,
  `body_temp` decimal(4,1) DEFAULT NULL,
  `pulse_rate` int(11) DEFAULT NULL,
  `respiratory_rate` int(11) DEFAULT NULL,
  `blood_pressure` varchar(10) DEFAULT NULL,
  `height` decimal(5,2) DEFAULT NULL,
  `weight` decimal(5,2) DEFAULT NULL,
  `is_swelling` enum('Yes','No') NOT NULL,
  `is_bleeding` enum('Yes','No') NOT NULL,
  `is_sensitive` enum('Yes','No') NOT NULL,
  `date_created` timestamp NOT NULL DEFAULT current_timestamp(),
  `date_updated` datetime DEFAULT NULL
) ENGINE=InnoDB DEFAULT CHARSET=utf8mb4 COLLATE=utf8mb4_general_ci;

--
-- Dumping data for table `dental_vital`
--

INSERT INTO `dental_vital` (`vitals_id`, `appointment_transaction_id`, `admin_user_id`, `body_temp`, `pulse_rate`, `respiratory_rate`, `blood_pressure`, `height`, `weight`, `is_swelling`, `is_bleeding`, `is_sensitive`, `date_created`, `date_updated`) VALUES
(1, 5, 8, 36.0, 70, 12, '100/80', 162.00, 57.00, 'No', 'No', 'Yes', '2025-11-20 20:47:16', '2025-11-21 04:51:06'),
(2, 12, 8, 36.0, 70, 12, '100', 162.00, 57.00, 'No', 'No', 'Yes', '2025-11-20 21:00:29', '2025-11-21 05:00:29'),
(3, 13, 8, 36.0, 70, 12, '100', 162.00, 57.00, 'No', 'No', 'Yes', '2025-11-20 21:22:21', '2025-11-21 05:22:21'),
(4, 15, 8, 37.0, 100, 100, '120/80', 170.00, 100.00, 'No', 'No', 'No', '2025-11-21 02:00:16', '2025-11-21 10:00:16'),
(5, 17, 8, 38.0, 100, 100, '120/80', 170.00, 80.00, 'No', 'No', 'No', '2025-11-21 02:37:48', '2025-11-21 10:37:48'),
(6, 19, 8, 35.0, 100, 100, '128/80', 75.00, 75.00, 'No', 'No', 'No', '2025-11-21 02:43:14', '2025-11-21 10:43:14'),
(7, 20, 8, 37.0, 455, 545, '454', 155.00, 39.00, 'No', 'No', 'No', '2025-11-21 22:12:18', '2025-11-22 06:12:18'),
(8, 27, 8, 65.0, 656, 656, '565', 65.00, 65.00, 'No', 'No', 'No', '2025-11-22 02:42:07', '2025-11-22 10:42:07'),
(9, 26, 35, 40.0, 80, 18, '120/80', 155.00, 50.00, 'No', 'No', 'No', '2025-11-22 03:41:05', '2025-11-22 11:41:05'),
(10, 4, 8, 26.0, 654, 655, '65', 65.00, 65.00, 'No', 'No', 'No', '2025-11-22 05:44:05', '2025-11-22 13:44:05'),
(11, 32, 8, 37.0, 70, 20, '120/80', 155.00, 57.00, 'No', 'No', 'No', '2025-11-22 14:14:13', '2025-11-22 22:14:13'),
(12, 25, 8, 38.0, 100, 100, '120/80', 170.00, 80.00, 'No', 'No', 'No', '2025-11-22 19:02:26', '2025-11-23 03:02:26'),
(13, 39, 8, 38.0, 100, 100, '128/80', 170.00, 80.00, 'No', 'No', 'No', '2025-11-24 02:35:52', '2025-11-24 10:35:52'),
(14, 47, 11, 38.0, 100, 100, '120/80', 170.00, 80.00, 'No', 'No', 'No', '2025-11-24 22:37:43', '2025-11-25 06:37:43'),
(15, 42, 8, 38.0, 120, 120, '100', 100.00, 100.00, 'No', 'No', 'No', '2025-11-25 02:30:58', '2025-11-25 10:30:58'),
(16, 41, 8, 38.0, 100, 100, '120/80', 170.00, 80.00, 'No', 'No', 'No', '2025-11-25 03:11:32', '2025-11-25 11:11:32'),
(17, 63, 8, 38.0, 100, 100, '120/80', 170.00, 80.00, 'No', 'No', 'No', '2025-12-03 14:30:10', '2025-12-03 22:30:10'),
(18, 62, 8, 38.0, 100, 100, '120/80', 170.00, 80.00, 'No', 'No', 'No', '2025-12-03 16:37:17', '2025-12-04 00:37:17'),
(19, 64, 8, 35.0, 100, 100, '100/80', 170.00, 80.00, 'No', 'No', 'No', '2025-12-03 18:00:14', '2025-12-04 02:00:14'),
(20, 67, 8, 38.0, 100, 100, '120/80', 170.00, 80.00, 'No', 'No', 'No', '2025-12-03 21:22:45', '2025-12-04 05:22:45'),
(21, 69, 8, 35.0, 100, 100, '120/80', 170.00, 100.00, 'No', 'No', 'No', '2025-12-03 22:15:33', '2025-12-04 06:15:33'),
(22, 86, 8, 37.0, 100, 25, '120/90', 500.00, 57.00, 'No', 'No', 'No', '2025-12-04 19:04:25', '2025-12-05 03:04:25'),
(23, 82, 8, 37.0, 100, 100, '120/80', 170.00, 80.00, 'No', 'No', 'No', '2025-12-04 19:13:15', '2025-12-05 03:13:15'),
(24, 75, 8, 28.0, 100, 100, '120/80', 170.00, 80.00, 'No', 'No', 'No', '2025-12-09 12:18:37', '2025-12-09 20:20:48'),
(25, 87, 8, 28.0, 100, 100, '120/80', 170.00, 80.00, 'No', 'No', 'No', '2025-12-09 14:12:20', '2025-12-09 22:12:20');

-- --------------------------------------------------------

--
-- Table structure for table `dentist`
--

CREATE TABLE `dentist` (
  `dentist_id` int(11) NOT NULL,
  `last_name` varchar(50) NOT NULL,
  `middle_name` varchar(50) DEFAULT NULL,
  `first_name` varchar(50) NOT NULL,
  `gender` enum('Male','Female') NOT NULL,
  `date_of_birth` varchar(255) NOT NULL,
  `date_of_birth_iv` text DEFAULT NULL,
  `date_of_birth_tag` text DEFAULT NULL,
  `email` varchar(50) NOT NULL,
  `contact_number` varchar(255) NOT NULL,
  `contact_number_iv` text DEFAULT NULL,
  `contact_number_tag` text DEFAULT NULL,
  `license_number` varchar(255) NOT NULL,
  `license_number_iv` text DEFAULT NULL,
  `license_number_tag` text DEFAULT NULL,
  `date_started` date DEFAULT NULL,
  `status` enum('Active','Inactive') NOT NULL DEFAULT 'Active',
  `signature_image` varchar(255) DEFAULT NULL,
  `profile_image` varchar(255) DEFAULT NULL,
  `date_created` timestamp NOT NULL DEFAULT current_timestamp(),
  `date_updated` datetime DEFAULT current_timestamp()
) ENGINE=InnoDB DEFAULT CHARSET=utf8mb4 COLLATE=utf8mb4_general_ci;

--
-- Dumping data for table `dentist`
--

INSERT INTO `dentist` (`dentist_id`, `last_name`, `middle_name`, `first_name`, `gender`, `date_of_birth`, `date_of_birth_iv`, `date_of_birth_tag`, `email`, `contact_number`, `contact_number_iv`, `contact_number_tag`, `license_number`, `license_number_iv`, `license_number_tag`, `date_started`, `status`, `signature_image`, `profile_image`, `date_created`, `date_updated`) VALUES
(1, 'Achas', '', 'Joshua', 'Male', '9SW4Lvebsmc9Hg==', '33r9KDbvUyH+0b2X', 'DBglFlDeuFQq2ccDj366YQ==', 'josephparchaso@gmail.com', 'wwoSirwrLsdr5Q==', 'bx12+8J51ybH1CQo', '4SwJU/GUjuxIkyY6IOIN2g==', 'U+yVgU6CW44=', 'SsDwS8lsJTm09oNN', '1TY0OphtfE3G33PbFGbhRg==', '2025-11-20', 'Active', '1_achas_signature.png', NULL, '2025-11-19 11:11:41', '2025-11-22 09:19:44'),
(2, 'Solante', '', 'Ben', 'Male', 'gpw8aQ8LSl/q/Q==', 'TeB0i9+ESI12sQ+G', 'ujLAVCOK9okOaRqXQbz2QA==', '18102727@usc.edu.ph', 'GYZtJYl3FfPCew==', 'g8de3RMrIt4GAG0r', 'CQBqr6coa8J9EXyPYhClyA==', '0ZysY05ibQ==', '2XNw5ml0JrsRfUdl', 'tqSaiKQSi3GbE6hCA3hq1A==', '2025-11-21', 'Active', '2_solante_signature.png', '2_solante_profile.jpg', '2025-11-20 11:33:55', NULL),
(3, 'Hernandez', '', 'Jaime', 'Female', 'obNjBdYMfbqaFw==', 'YOTkIfT7so84Ms5u', 'UWs+sgIhQ+5s5qkHWn3Qcw==', '18102727@usc.edu.ph', 'S9A0Egf9vBY8rw==', '459/jffWdtFmcTm4', 'WxTB9bMIlPXrm7/rDnwODw==', 'r64GnY0=', 'L9B3dgBFtaHqjzYJ', '234mTF8YrczMlTZQRH6fKA==', '2025-11-21', 'Active', '3_hernandez_signature.png', '3_hernandez_profile.jpg', '2025-11-20 11:45:33', '2025-11-20 19:58:52'),
(4, 'Perez', '', 'Vince', 'Male', 'Y/tgB8+8POC+KA==', 'd/DsuP7MWVSKuZO+', '/rp890jwyWMg6Vb4glbGmA==', '18102727@usc.edu.ph', 'rx9gJAkvMbddew==', 'nso08Nr6IUsI+M2K', 'xEHb+5St+0iRY4hybvdfoA==', 'q7dIK9Y=', 'WPls6UX8D5EILBOD', 'DTeKylmLmx1nb93yqkm+Cw==', '2025-11-21', 'Active', '4_perez_signature.jpg', '4_perez_profile.jpg', '2025-11-20 12:03:43', '2025-11-20 23:56:32'),
(5, 'Domiggo', '', 'Cedric', 'Male', 'SYYPOlUsS6w9zw==', 'pNRlzT9HS2bixdUt', '49vni0J/T/ckZmX8jKzdVQ==', '18102727@usc.edu.ph', '2xM0fxA66JWLjg==', 'mNvC0E8eX1/AI+H0', '7sYyRSDU+sYssSvPW0RW0g==', 'W1xegjAa', '0W05rcYjeU+tnbfO', 'EnLF8zA+qS6H9ORxoYfHxA==', '2025-11-21', 'Active', '5_domiggo_signature.webp', '5_domiggo_profile.webp', '2025-11-20 12:06:42', NULL),
(6, 'Alonzo', '', 'Love', 'Female', 'LSMMcbQqERB0YA==', '7TVfpX6w7VcI75X9', 'pIWC5cjF22BoqoIOQsPLeA==', '18102727@usc.edu.ph', 'sqmHvEkYoawBzA==', 'fR3drubbk5WnNj87', 't2H2AdIdpzkRYJuulGsqww==', 'DzCbDUrVXw==', 'WT1J4VhsBXxRGeAD', 'XpOB9Npv9rrOFITNyASSBQ==', '2025-11-21', 'Active', '6_alonzo_signature.png', '6_alonzo_profile.jpg', '2025-11-20 12:11:09', '2025-11-20 23:57:02'),
(7, 'Asuncion', '', 'Ryan', 'Male', '0YsUgVkXQznh/Q==', '3wjFIsF8qg2ouQ5i', 'FnwA6ezzMbNDvp8FY677DA==', '18102727@usc.edu.ph', 'JUErQ6Y9fWjxCg==', 'M18423HCcCJF+YAO', 'HD6CC+/CvLvB+CUcXXxe6g==', 'yfha6QwBYVE=', '6dsbHZIzyayAEP8A', 'hPBWiLL6uD4/FmCMcHmZ/g==', '2025-11-21', 'Active', '7_asuncion_signature.png', '7_asuncion_profile.jpg', '2025-11-20 12:17:15', '2025-11-20 23:57:22'),
(8, 'Arriesgado', '', 'Irish', 'Female', 'ZihsXo7hRYUE5w==', 'xuBmrzGCr/dWYtFb', 'bJnVEBzw0MAzL+y8ysFH8Q==', '18102727@usc.edu.ph', 'S/vNIbnL0SxH5w==', '5gEuiWmojjnxpN2+', 'xqbopYBJLWUOEnMwi/bavw==', '6H+Dn2jJ', 'pg/caLh3aN7Ue2Wx', 'f62sCFwX8qGupu7m3sWhVw==', '2025-11-21', 'Active', '8_arriesgado_signature.png', '8_arriesgado_profile.jpg', '2025-11-20 12:28:34', '2025-11-20 23:57:44'),
(9, 'Smith', '', 'Jane', 'Male', 'X7ajLnDPOSULhw==', 'L6ZRAKOHNwQFnsrF', '+cnNNWj6QvcJ44HWIycErg==', 'lizbetheastwood@gmail.com', 'jFx1qtj1DJf6tQ==', 't/kp+808g2gvrwxG', 'y/mkyk4G3tZnW7/C1/qNTQ==', '53KPUt4jtmpuMQ==', 'tgUQUamVrxmH6U67', 'WW1gYMsJzhydnUQ/sR1P+Q==', '2025-12-01', 'Active', NULL, '9_smith_profile.jpg', '2025-11-20 19:35:56', '2025-11-21 03:38:13'),
(10, 'Parchaso', '', 'Jhon', 'Male', 'RghJbnidicv/9Q==', '11sLmtRAIvf13z+u', 'geX5V+n1zwhiP2pl2GR7eg==', 'josephparchaso@gmail.com', '7U/mTDgTOGwmKw==', '2sTVYRo6i3EspHLt', 'pcmCyPQmeXppSZjYVnd1Ug==', 'Qq12wut9', '0DNw2u52t1rVLmp7', '1hAh0mnjOi9NEnYJNDT7mw==', '2025-11-24', 'Inactive', '10_parchaso_signature.png', '10_parchaso_profile.png', '2025-11-21 01:12:09', '2025-12-09 15:30:02'),
(11, 'Mauss', '', 'Max', 'Male', 'h4qeX1rZU+cDkA==', 'YMBvx0ceXWYE2wFs', 'a505sxIxA+a6BE4phM7c5g==', 'maussmax01@gmail.com', 'KpmQ1cOXz1yJ2w==', 'XE4edyUyM3i03XAW', 'hjxZnN2vD/t0bJuPnjX6pQ==', 'NHShRA==', 'Y6TY1CacsGQ9BQaA', '9NeDakadiQOM2av90EVKrQ==', '2025-11-24', 'Active', NULL, NULL, '2025-11-21 16:23:24', '2025-11-22 10:43:16'),
(12, 'Parch', '', 'JJ', 'Male', 'eDvTfCMdhtC5kw==', '9HuNENmwyo3E1WWr', 'CTawYCJ+YG4itEuCFqeNpA==', 'josephparchaso@gmail.com', 'pR2bLOs+55omJQ==', '7b4FKMnQAzrByxHk', 'oUEsrcYoFopgQk36v+SpLg==', '9YFM3ahuol4=', 'w2J44V/iQG8pA3Ly', 'WJQeqA++Ii/bDVwuRN3EZA==', '2025-12-09', 'Active', '12_parch_signature.png', '12_parch_profile.jpg', '2025-12-06 13:23:31', '2025-12-07 19:46:30');

-- --------------------------------------------------------

--
-- Table structure for table `dentist_branch`
--

CREATE TABLE `dentist_branch` (
  `dentist_branch_id` int(11) NOT NULL,
  `dentist_id` int(11) DEFAULT NULL,
  `branch_id` int(11) DEFAULT NULL
) ENGINE=InnoDB DEFAULT CHARSET=utf8mb4 COLLATE=utf8mb4_general_ci;

--
-- Dumping data for table `dentist_branch`
--

INSERT INTO `dentist_branch` (`dentist_branch_id`, `dentist_id`, `branch_id`) VALUES
(3, 2, 1),
(4, 2, 2),
(5, 3, 1),
(6, 3, 4),
(10, 4, 4),
(11, 4, 3),
(12, 4, 2),
(13, 5, 1),
(14, 5, 3),
(15, 6, 3),
(16, 6, 2),
(17, 7, 1),
(18, 7, 4),
(19, 7, 3),
(20, 7, 2),
(21, 1, 1),
(22, 1, 2),
(23, 1, 3),
(24, 1, 4),
(25, 8, 3),
(26, 9, 1),
(27, 9, 4),
(28, 9, 3),
(29, 9, 2),
(30, 10, 4),
(31, 10, 3),
(32, 10, 2),
(33, 11, 1),
(34, 11, 5),
(35, 11, 4),
(36, 11, 3),
(37, 11, 2),
(38, 11, 6),
(47, 12, 1),
(48, 12, 2),
(49, 12, 3),
(50, 12, 4),
(51, 12, 5),
(52, 12, 6),
(53, 12, 7),
(54, 12, 8);

-- --------------------------------------------------------

--
-- Table structure for table `dentist_schedule`
--

CREATE TABLE `dentist_schedule` (
  `schedule_id` int(11) NOT NULL,
  `dentist_id` int(11) NOT NULL,
  `day` enum('Monday','Tuesday','Wednesday','Thursday','Friday','Saturday','Sunday') NOT NULL,
  `branch_id` int(11) DEFAULT NULL,
  `start_time` time NOT NULL,
  `end_time` time NOT NULL
) ENGINE=InnoDB DEFAULT CHARSET=utf8mb4 COLLATE=utf8mb4_general_ci;

--
-- Dumping data for table `dentist_schedule`
--

INSERT INTO `dentist_schedule` (`schedule_id`, `dentist_id`, `day`, `branch_id`, `start_time`, `end_time`) VALUES
(25, 2, 'Monday', 1, '09:00:00', '16:30:00'),
(26, 2, 'Tuesday', 2, '09:00:00', '16:30:00'),
(27, 2, 'Wednesday', 1, '09:00:00', '16:30:00'),
(28, 2, 'Thursday', 1, '09:00:00', '16:30:00'),
(29, 2, 'Friday', 1, '09:00:00', '16:30:00'),
(30, 2, 'Saturday', 1, '09:00:00', '16:30:00'),
(49, 3, 'Monday', 4, '09:00:00', '16:30:00'),
(50, 3, 'Tuesday', 4, '09:00:00', '16:30:00'),
(51, 3, 'Wednesday', 4, '09:00:00', '16:30:00'),
(52, 3, 'Thursday', 4, '09:00:00', '16:30:00'),
(53, 3, 'Friday', 4, '09:00:00', '16:30:00'),
(54, 3, 'Saturday', 4, '09:00:00', '12:30:00'),
(61, 5, 'Monday', 3, '09:00:00', '16:30:00'),
(62, 5, 'Tuesday', 1, '09:00:00', '16:30:00'),
(63, 5, 'Wednesday', 3, '09:00:00', '16:30:00'),
(64, 5, 'Thursday', 3, '09:00:00', '16:30:00'),
(65, 5, 'Friday', 3, '09:00:00', '16:30:00'),
(96, 4, 'Monday', 4, '09:00:00', '16:30:00'),
(97, 4, 'Tuesday', 4, '09:00:00', '16:30:00'),
(98, 4, 'Wednesday', 2, '09:00:00', '16:30:00'),
(99, 4, 'Thursday', 2, '09:00:00', '16:30:00'),
(100, 4, 'Saturday', 3, '13:00:00', '16:30:00'),
(101, 6, 'Monday', 2, '09:00:00', '16:30:00'),
(102, 6, 'Tuesday', 3, '09:00:00', '16:30:00'),
(103, 6, 'Wednesday', 2, '09:00:00', '16:30:00'),
(104, 6, 'Thursday', 2, '09:00:00', '16:30:00'),
(105, 6, 'Friday', 2, '09:00:00', '16:30:00'),
(118, 7, 'Monday', 2, '09:00:00', '16:30:00'),
(119, 7, 'Tuesday', 1, '09:00:00', '16:30:00'),
(120, 7, 'Wednesday', 4, '09:00:00', '16:30:00'),
(121, 7, 'Thursday', 4, '09:00:00', '16:30:00'),
(122, 7, 'Friday', 4, '09:00:00', '16:30:00'),
(123, 7, 'Saturday', 4, '09:00:00', '16:30:00'),
(136, 8, 'Monday', 3, '09:00:00', '16:30:00'),
(137, 8, 'Tuesday', 3, '09:00:00', '16:30:00'),
(138, 8, 'Wednesday', 3, '09:00:00', '16:30:00'),
(139, 8, 'Thursday', 3, '09:00:00', '16:30:00'),
(140, 8, 'Friday', 3, '09:00:00', '16:30:00'),
(141, 8, 'Saturday', 3, '09:00:00', '16:30:00'),
(146, 9, 'Monday', 1, '09:00:00', '16:30:00'),
(147, 9, 'Wednesday', 3, '09:00:00', '16:30:00'),
(148, 9, 'Friday', 2, '09:00:00', '16:30:00'),
(149, 9, 'Saturday', 4, '09:00:00', '16:30:00'),
(162, 1, 'Monday', 1, '09:00:00', '16:30:00'),
(163, 1, 'Tuesday', 2, '09:00:00', '16:30:00'),
(164, 1, 'Wednesday', 1, '09:00:00', '16:30:00'),
(165, 1, 'Thursday', 1, '09:00:00', '16:30:00'),
(166, 1, 'Saturday', 3, '09:00:00', '16:30:00'),
(167, 11, 'Monday', 5, '09:00:00', '16:30:00'),
(168, 11, 'Tuesday', 5, '09:00:00', '16:30:00'),
(169, 11, 'Wednesday', 1, '09:00:00', '16:30:00'),
(170, 11, 'Thursday', 1, '09:00:00', '16:30:00'),
(171, 11, 'Friday', 3, '09:00:00', '16:30:00'),
(172, 11, 'Saturday', 3, '09:00:00', '16:30:00'),
(191, 12, 'Monday', 8, '09:00:00', '16:30:00'),
(192, 12, 'Tuesday', 8, '09:00:00', '16:30:00'),
(193, 12, 'Wednesday', 5, '09:00:00', '11:00:00'),
(194, 12, 'Wednesday', 8, '11:30:00', '12:30:00'),
(195, 12, 'Wednesday', 5, '13:00:00', '16:00:00'),
(196, 12, 'Thursday', 1, '12:30:00', '09:30:00'),
(197, 10, 'Monday', 4, '09:00:00', '16:30:00'),
(198, 10, 'Tuesday', 3, '09:00:00', '12:00:00'),
(199, 10, 'Wednesday', 2, '15:00:00', '16:30:00'),
(200, 10, 'Saturday', 4, '15:00:00', '15:30:00');

-- --------------------------------------------------------

--
-- Table structure for table `dentist_service`
--

CREATE TABLE `dentist_service` (
  `dentist_services_id` int(11) NOT NULL,
  `dentist_id` int(11) NOT NULL,
  `service_id` int(11) NOT NULL
) ENGINE=InnoDB DEFAULT CHARSET=utf8mb4 COLLATE=utf8mb4_general_ci;

--
-- Dumping data for table `dentist_service`
--

INSERT INTO `dentist_service` (`dentist_services_id`, `dentist_id`, `service_id`) VALUES
(2, 1, 1),
(3, 1, 2),
(4, 1, 3),
(5, 1, 4),
(6, 1, 5),
(7, 1, 6),
(8, 1, 7),
(9, 1, 8),
(10, 1, 9),
(11, 1, 10),
(12, 1, 11),
(13, 1, 12),
(14, 1, 13),
(15, 1, 14),
(16, 1, 15),
(17, 1, 16),
(18, 1, 17),
(19, 1, 18),
(20, 1, 19),
(21, 2, 12),
(22, 2, 9),
(23, 2, 8),
(24, 2, 2),
(25, 2, 3),
(26, 2, 1),
(27, 2, 17),
(28, 2, 15),
(29, 2, 7),
(30, 2, 14),
(31, 2, 13),
(32, 2, 18),
(33, 2, 16),
(34, 2, 10),
(35, 2, 11),
(36, 2, 5),
(37, 2, 4),
(38, 2, 19),
(39, 2, 6),
(40, 3, 12),
(41, 3, 9),
(42, 3, 8),
(43, 3, 2),
(44, 3, 3),
(45, 3, 1),
(46, 3, 17),
(47, 3, 15),
(48, 3, 7),
(49, 3, 14),
(50, 3, 13),
(51, 3, 18),
(52, 3, 16),
(53, 3, 10),
(54, 3, 11),
(55, 3, 5),
(56, 3, 4),
(57, 3, 19),
(58, 3, 6),
(59, 4, 12),
(60, 4, 9),
(61, 4, 8),
(62, 4, 2),
(63, 4, 3),
(64, 4, 1),
(65, 4, 17),
(66, 4, 15),
(67, 4, 7),
(68, 4, 14),
(69, 4, 13),
(70, 4, 18),
(71, 4, 16),
(72, 4, 10),
(73, 4, 11),
(74, 4, 5),
(75, 4, 4),
(76, 4, 19),
(77, 4, 6),
(78, 5, 12),
(79, 5, 9),
(80, 5, 8),
(81, 5, 2),
(82, 5, 3),
(83, 5, 1),
(84, 5, 17),
(85, 5, 15),
(86, 5, 7),
(87, 5, 14),
(88, 5, 13),
(89, 5, 18),
(90, 5, 16),
(91, 5, 10),
(92, 5, 11),
(93, 5, 5),
(94, 5, 4),
(95, 5, 19),
(96, 5, 6),
(97, 6, 12),
(98, 6, 9),
(99, 6, 8),
(100, 6, 2),
(101, 6, 3),
(102, 6, 1),
(103, 6, 17),
(104, 6, 15),
(105, 6, 7),
(106, 6, 14),
(107, 6, 13),
(108, 6, 18),
(109, 6, 16),
(110, 6, 10),
(111, 6, 11),
(112, 6, 5),
(113, 6, 4),
(114, 6, 19),
(115, 6, 6),
(116, 7, 12),
(117, 7, 9),
(118, 7, 8),
(119, 7, 2),
(120, 7, 3),
(121, 7, 1),
(122, 7, 17),
(123, 7, 15),
(124, 7, 7),
(125, 7, 14),
(126, 7, 13),
(127, 7, 18),
(128, 7, 16),
(129, 7, 10),
(130, 7, 11),
(131, 7, 5),
(132, 7, 4),
(133, 7, 19),
(134, 7, 6),
(135, 8, 12),
(136, 8, 9),
(137, 8, 8),
(138, 8, 2),
(139, 8, 3),
(140, 8, 1),
(141, 8, 17),
(142, 8, 15),
(143, 8, 7),
(144, 8, 14),
(145, 8, 13),
(146, 8, 18),
(147, 8, 16),
(148, 8, 10),
(149, 8, 11),
(150, 8, 5),
(151, 8, 4),
(152, 8, 19),
(153, 8, 6),
(154, 9, 12),
(155, 9, 9),
(156, 9, 8),
(157, 9, 2),
(158, 9, 3),
(159, 9, 1),
(160, 9, 17),
(161, 9, 15),
(162, 9, 7),
(163, 9, 14),
(164, 9, 13),
(165, 9, 18),
(166, 9, 16),
(167, 9, 10),
(168, 9, 11),
(169, 9, 5),
(170, 9, 4),
(171, 9, 19),
(172, 9, 6),
(173, 10, 12),
(174, 10, 9),
(175, 10, 8),
(176, 10, 2),
(177, 10, 3),
(178, 10, 1),
(179, 10, 17),
(180, 10, 15),
(181, 10, 7),
(182, 10, 14),
(183, 10, 20),
(184, 10, 13),
(185, 10, 18),
(186, 10, 16),
(187, 10, 10),
(188, 10, 11),
(189, 10, 5),
(190, 10, 4),
(191, 10, 19),
(192, 10, 6),
(193, 11, 12),
(194, 11, 9),
(195, 11, 8),
(196, 11, 2),
(197, 11, 3),
(198, 11, 1),
(199, 11, 17),
(200, 11, 21),
(201, 11, 15),
(202, 11, 7),
(203, 11, 14),
(204, 11, 20),
(205, 11, 13),
(206, 11, 18),
(207, 11, 16),
(208, 11, 10),
(209, 11, 11),
(210, 11, 5),
(211, 11, 4),
(212, 11, 19),
(213, 11, 6),
(238, 12, 1),
(239, 12, 2),
(240, 12, 3),
(241, 12, 4),
(242, 12, 5),
(243, 12, 6),
(244, 12, 7),
(245, 12, 8),
(246, 12, 9),
(247, 12, 10),
(248, 12, 11),
(249, 12, 12),
(250, 12, 13),
(251, 12, 14),
(252, 12, 15),
(253, 12, 16),
(254, 12, 17),
(255, 12, 18),
(256, 12, 19),
(257, 12, 20),
(258, 12, 21),
(259, 12, 22),
(260, 12, 23);

-- --------------------------------------------------------

--
-- Table structure for table `notifications`
--

CREATE TABLE `notifications` (
  `notification_id` int(11) NOT NULL,
  `user_id` int(11) NOT NULL,
  `message` text DEFAULT NULL,
  `is_read` tinyint(4) DEFAULT 0,
  `date_created` timestamp NOT NULL DEFAULT current_timestamp()
) ENGINE=InnoDB DEFAULT CHARSET=utf8mb4 COLLATE=utf8mb4_general_ci;

--
-- Dumping data for table `notifications`
--

INSERT INTO `notifications` (`notification_id`, `user_id`, `message`, `is_read`, `date_created`) VALUES
(1, 4, 'Your password was changed successfully on November 19, 2025, 7:05 pm. If this wasn’t you, please contact clinic immediately.', 1, '2025-11-19 11:05:34'),
(2, 5, 'Welcome to Smile-ify! Your account was successfully created.', 0, '2025-11-19 11:16:06'),
(3, 5, 'Your appointment on 2025-11-24 at 09:00 was successfully booked!', 0, '2025-11-19 11:16:06'),
(4, 6, 'Welcome to Smile-ify! Your account was successfully created.', 0, '2025-11-19 11:16:08'),
(5, 6, 'Your appointment on 2025-11-24 at 09:00 was successfully booked!', 0, '2025-11-19 11:16:08'),
(6, 7, 'Welcome to Smile-ify! Your account was successfully created.', 0, '2025-11-19 11:18:41'),
(7, 7, 'Your appointment on 2025-11-26 at 10:00 was successfully booked!', 0, '2025-11-19 11:18:41'),
(8, 8, 'Your admin account has been created. Branch Assignment: Babag 2, Lapu-Lapu City. Username: Juban_J', 1, '2025-11-20 11:20:13'),
(9, 9, 'Your admin account has been created. Branch Assignment: Pajo, Lapu-Lapu City. Username: Benetiz_A', 0, '2025-11-20 11:23:11'),
(10, 10, 'Your admin account has been created. Branch Assignment: Pakna-an, Mandaue City (Main Branch). Username: Narciso_A', 0, '2025-11-20 11:25:41'),
(11, 11, 'Your admin account has been created. Branch Assignment: Pusok, Lapu-Lapu City. Username: Marcelo_R', 1, '2025-11-20 11:35:30'),
(12, 12, 'Welcome to Smile-ify! Your account was successfully created.', 1, '2025-11-20 14:35:52'),
(13, 12, 'Your appointment on 2025-11-24 at 10:00 was successfully booked!', 1, '2025-11-20 14:35:52'),
(14, 13, 'Welcome to Smile-ify! Your account was successfully created.', 1, '2025-11-20 15:10:33'),
(15, 13, 'Your appointment on 2025-11-24 at 14:00 was successfully booked!', 1, '2025-11-20 15:10:33'),
(16, 14, 'Welcome to Smile-ify! Your account was successfully created.', 0, '2025-11-20 16:51:46'),
(17, 14, 'Your appointment on 2025-11-28 at 15:00 was successfully booked!', 0, '2025-11-20 16:51:46'),
(18, 12, 'Your password was changed successfully on November 21, 2025, 1:00 am. If this wasn’t you, please contact clinic immediately.', 1, '2025-11-20 17:00:01'),
(19, 14, 'Your password was changed successfully on November 21, 2025, 1:05 am. If this wasn’t you, please contact clinic immediately.', 0, '2025-11-20 17:05:34'),
(20, 15, 'Welcome to Smile-ify! Your account was successfully created.', 1, '2025-11-20 17:08:28'),
(21, 15, 'Your appointment on 2025-12-25 at 15:00 was successfully booked!', 1, '2025-11-20 17:08:28'),
(22, 16, 'Welcome to Smile-ify! Your account was successfully created.', 0, '2025-11-20 17:08:30'),
(23, 16, 'Your appointment on 2025-12-25 at 15:00 was successfully booked!', 0, '2025-11-20 17:08:30'),
(24, 15, 'Your password was changed successfully on November 21, 2025, 1:35 am. If this wasn’t you, please contact clinic immediately.', 0, '2025-11-20 17:35:34'),
(25, 13, 'Your password was changed successfully on November 21, 2025, 1:56 am. If this wasn’t you, please contact the clinic immediately.', 1, '2025-11-20 17:56:13'),
(26, 12, 'Your appointment on 2025-11-22 at 09:00 was successfully booked!', 1, '2025-11-20 18:17:20'),
(27, 13, 'Your appointment on 2025-12-02 at 10:30 was successfully booked!', 1, '2025-11-20 18:25:35'),
(28, 13, 'Your password was changed successfully on November 21, 2025, 2:34 am. If this wasn’t you, please contact the clinic immediately.', 1, '2025-11-20 18:34:58'),
(29, 13, 'Your email was successfully updated to lizbetheastwood@yahoo.com on November 21, 2025, 2:42 am. If this wasn’t you, please contact the clinic immediately.', 1, '2025-11-20 18:42:18'),
(30, 13, 'Your email was successfully updated to lizbetheastwood@gmail.com on November 21, 2025, 2:43 am. If this wasn’t you, please contact the clinic immediately.', 1, '2025-11-20 18:43:41'),
(31, 13, 'Your appointment on 2025-11-21 at 09:00 was successfully booked!', 1, '2025-11-20 18:46:18'),
(32, 3, 'The service High Impact Denture (base price) in Babag 2, Lapu-Lapu City was set to Inactive.', 1, '2025-11-20 19:19:15'),
(33, 3, 'The service High Impact Denture (base price) in Babag 2, Lapu-Lapu City was set to Active.', 1, '2025-11-20 19:19:23'),
(34, 17, 'Your admin account has been created. Branch Assignment: Babag 2, Lapu-Lapu City. Username: Doe_J', 1, '2025-11-20 19:26:42'),
(35, 13, 'Your appointment (November 24, 2025 at 2:00 PM) has been cancelled.', 1, '2025-11-20 20:55:13'),
(36, 13, 'Your appointment on 2025-11-21 at 13:30 was successfully booked!', 1, '2025-11-20 20:58:37'),
(37, 13, 'Your appointment (November 21, 2025 at 1:30 PM) has been marked as completed. Thank you for visiting!', 1, '2025-11-20 21:00:52'),
(38, 4, 'Patient #13 Eloise Iway has requested a Dental Certificate for transaction #2', 0, '2025-11-20 21:07:00'),
(39, 8, 'Patient #13 Eloise Iway has requested a Dental Certificate for transaction #2', 1, '2025-11-20 21:07:00'),
(40, 17, 'Patient #13 Eloise Iway has requested a Dental Certificate for transaction #2', 1, '2025-11-20 21:07:00'),
(41, 13, 'Your Dental Certificate request from your appointment on November 21, 2025 at 1:30 PM has been approved.', 1, '2025-11-20 21:09:14'),
(42, 13, 'Your appointment on 2025-11-27 at 14:30 was successfully booked!', 1, '2025-11-20 21:12:44'),
(43, 13, 'Your appointment on 2025-11-24 at 11:30 was successfully booked!', 0, '2025-11-20 21:19:41'),
(44, 13, 'Your appointment (November 27, 2025 at 2:30 PM) has been marked as completed. Thank you for visiting!', 0, '2025-11-20 21:22:51'),
(45, 13, 'Your Dental Certificate request from your appointment on November 27, 2025 at 2:30 PM has been approved.', 0, '2025-11-20 21:25:06'),
(46, 3, 'The service Cleaning in Babag 2, Lapu-Lapu City was set to Inactive.', 1, '2025-11-20 21:45:49'),
(47, 3, 'The service Cleaning in Babag 2, Lapu-Lapu City was set to Active.', 1, '2025-11-20 21:46:00'),
(48, 3, 'The promo New Year Sale in Babag 2, Lapu-Lapu City was set to Inactive.', 1, '2025-11-20 21:48:11'),
(49, 17, 'Your password was changed successfully on November 21, 2025, 6:00 am. If this wasn’t you, please contact the clinic immediately.', 1, '2025-11-20 22:00:10'),
(50, 17, 'Your email was successfully updated to lizbetheastwood@yahoo.com on November 21, 2025, 6:02 am. If this wasn’t you, please contact the clinic immediately.', 1, '2025-11-20 22:02:22'),
(51, 17, 'Your email was successfully updated to lizbetheastwood@gmail.com on November 21, 2025, 6:05 am. If this wasn’t you, please contact the clinic immediately.', 1, '2025-11-20 22:05:09'),
(52, 3, 'A new announcement titled \'Staff Meeting\' was added for Babag 2, Lapu-Lapu City.', 1, '2025-11-20 22:08:12'),
(53, 3, 'A new announcement titled \'Christmass Party\' was added for Babag 2, Lapu-Lapu City.', 1, '2025-11-20 22:09:02'),
(54, 3, 'The announcement \'Christmass Party\' in Babag 2, Lapu-Lapu City was updated.', 1, '2025-11-20 22:09:21'),
(55, 3, 'The announcement \'Christmass Party\' in Babag 2, Lapu-Lapu City was updated.', 1, '2025-11-20 22:10:06'),
(56, 18, 'Welcome to Smile-ify! Your account was successfully created.', 0, '2025-11-21 00:25:29'),
(57, 18, 'Your appointment on 2025-11-24 at 09:00 was successfully booked!', 0, '2025-11-21 00:25:29'),
(58, 19, 'Your Secretary account has been created. Branch Assignment: Cordova. Username: Collado_J', 0, '2025-11-21 00:59:56'),
(59, 3, 'The service Extract in Babag 2, Lapu-Lapu City was set to Inactive.', 1, '2025-11-21 01:39:56'),
(60, 3, 'The promo No picture in Babag 2, Lapu-Lapu City was set to Inactive.', 1, '2025-11-21 01:41:08'),
(61, 20, 'Welcome to Smile-ify! Your account was created.', 0, '2025-11-21 01:44:39'),
(62, 20, 'Your appointment on 2025-11-25 at 09:00 was successfully booked!', 0, '2025-11-21 01:44:39'),
(63, 14, 'Your appointment (November 28, 2025 at 3:00 PM) has been cancelled.', 0, '2025-11-21 01:57:48'),
(64, 18, 'Your appointment (November 24, 2025 at 9:00 AM) has been marked as completed. Thank you for visiting!', 0, '2025-11-21 02:07:12'),
(65, 21, 'Welcome to Smile-ify! Your account was successfully created.', 1, '2025-11-21 02:31:38'),
(66, 21, 'Your appointment on 2025-11-24 at 09:00 was successfully booked!', 1, '2025-11-21 02:31:38'),
(67, 21, 'Your appointment on 2025-11-24 at 09:30 was successfully booked!', 1, '2025-11-21 02:33:19'),
(68, 21, 'Your appointment on 2025-11-24 at 10:30 was successfully booked!', 1, '2025-11-21 02:34:16'),
(69, 21, 'Your appointment (November 24, 2025 at 9:00 AM) has been marked as completed. Thank you for visiting!', 1, '2025-11-21 02:38:13'),
(70, 4, 'Patient #21 Rix Potot has requested a Dental Certificate for transaction #5', 0, '2025-11-21 02:40:29'),
(71, 8, 'Patient #21 Rix Potot has requested a Dental Certificate for transaction #5', 1, '2025-11-21 02:40:29'),
(72, 17, 'Patient #21 Rix Potot has requested a Dental Certificate for transaction #5', 0, '2025-11-21 02:40:29'),
(73, 21, 'Your Dental Certificate request from your appointment on November 24, 2025 at 9:00 AM has been approved.', 1, '2025-11-21 02:41:23'),
(74, 21, 'Your appointment (November 24, 2025 at 10:30 AM) has been marked as completed. Thank you for visiting!', 1, '2025-11-21 02:43:32'),
(75, 21, 'Your Dental Certificate request from your appointment on November 24, 2025 at 10:30 AM has been approved.', 1, '2025-11-21 02:44:30'),
(76, 22, 'Your Secretary account has been created. Branch Assignment: Babag 2, Lapu-Lapu City. Username: Parchaso_J', 0, '2025-11-21 07:51:41'),
(77, 23, 'Your Secretary account has been created. Branch Assignment: Babag 2, Lapu-Lapu City. Username: Castillo_J', 0, '2025-11-21 15:54:16'),
(78, 24, 'Welcome to Smile-ify! Your account was successfully created.', 1, '2025-11-21 17:03:01'),
(79, 24, 'Your appointment on 2025-11-24 at 13:00 was successfully booked!', 1, '2025-11-21 17:03:01'),
(80, 24, 'Your email was successfully updated to panimdimcoleen106@gmail.com on November 22, 2025, 2:13 am. If this wasn’t you, please contact the clinic immediately.', 1, '2025-11-21 18:13:47'),
(81, 25, 'Welcome to Smile-ify! Your account was successfully created.', 0, '2025-11-21 19:20:45'),
(82, 25, 'Your appointment on 2025-11-24 at 09:00 was successfully booked!', 0, '2025-11-21 19:20:45'),
(83, 26, 'Welcome to Smile-ify! Your account was successfully created.', 0, '2025-11-21 19:20:49'),
(84, 26, 'Your appointment on 2025-11-24 at 09:00 was successfully booked!', 0, '2025-11-21 19:20:49'),
(85, 27, 'Welcome to Smile-ify! Your account was successfully created.', 0, '2025-11-21 19:20:52'),
(86, 27, 'Your appointment on 2025-11-24 at 09:00 was successfully booked!', 0, '2025-11-21 19:20:52'),
(87, 28, 'Welcome to Smile-ify! Your account was successfully created.', 0, '2025-11-21 19:20:55'),
(88, 28, 'Your appointment on 2025-11-24 at 09:00 was successfully booked!', 0, '2025-11-21 19:20:55'),
(89, 29, 'Welcome to Smile-ify! Your account was successfully created.', 0, '2025-11-21 19:20:58'),
(90, 29, 'Your appointment on 2025-11-24 at 09:00 was successfully booked!', 0, '2025-11-21 19:20:58'),
(91, 30, 'Welcome to Smile-ify! Your account was successfully created.', 0, '2025-11-21 19:21:02'),
(92, 30, 'Your appointment on 2025-11-24 at 09:00 was successfully booked!', 0, '2025-11-21 19:21:02'),
(93, 31, 'Welcome to Smile-ify! Your account was successfully created.', 0, '2025-11-21 19:26:07'),
(94, 31, 'Your appointment on 2025-11-22 at 09:00 was successfully booked!', 0, '2025-11-21 19:26:07'),
(95, 19, 'Your password was changed successfully on November 22, 2025, 3:31 am. If this wasn’t you, please contact clinic immediately.', 0, '2025-11-21 19:31:17'),
(96, 32, 'Your Secretary account has been created. Branch Assignment: Babag 2, Lapu-Lapu City. Username: Chico_L', 0, '2025-11-21 20:04:36'),
(97, 24, 'Your appointment (November 24, 2025 at 1:00 PM) has been marked as completed. Thank you for visiting!', 1, '2025-11-21 22:12:29'),
(98, 3, 'The promo No picture in Babag 2, Lapu-Lapu City was set to Active.', 1, '2025-11-21 22:29:40'),
(99, 33, 'Your Secretary account has been created. Branch Assignment: Cordova. Username: bumanlag_G', 0, '2025-11-22 01:13:05'),
(100, 34, 'Your Secretary account has been created. Branch Assignment: Babag 2, Lapu-Lapu City. Username: Schmitz_L', 0, '2025-11-22 02:37:54'),
(101, 31, 'Your appointment (November 22, 2025 at 9:00 AM) has been marked as completed. Thank you for visiting!', 0, '2025-11-22 02:42:14'),
(102, 35, 'Your Secretary account has been created. Branch Assignment: Babag 2, Lapu-Lapu City. Username: Imnida_C', 1, '2025-11-22 03:23:15'),
(103, 30, 'Your appointment (November 24, 2025 at 9:00 AM) has been cancelled.', 0, '2025-11-22 03:44:30'),
(104, 24, 'Your appointment on 2025-11-24 at 13:00 was successfully booked!', 1, '2025-11-22 03:48:07'),
(105, 35, 'Your password was changed successfully on November 22, 2025, 12:03 pm. If this wasn’t you, please contact the clinic immediately.', 1, '2025-11-22 04:03:34'),
(106, 3, 'A new announcement titled \'Quarterly Meeting\' was added for Babag 2, Lapu-Lapu City.', 1, '2025-11-22 04:07:17'),
(107, 4, 'Patient #24 Coleen Panimdim has requested a Dental Certificate for transaction #7', 0, '2025-11-22 04:14:50'),
(108, 8, 'Patient #24 Coleen Panimdim has requested a Dental Certificate for transaction #7', 1, '2025-11-22 04:14:50'),
(109, 17, 'Patient #24 Coleen Panimdim has requested a Dental Certificate for transaction #7', 0, '2025-11-22 04:14:50'),
(110, 22, 'Patient #24 Coleen Panimdim has requested a Dental Certificate for transaction #7', 0, '2025-11-22 04:14:50'),
(111, 23, 'Patient #24 Coleen Panimdim has requested a Dental Certificate for transaction #7', 0, '2025-11-22 04:14:50'),
(112, 32, 'Patient #24 Coleen Panimdim has requested a Dental Certificate for transaction #7', 0, '2025-11-22 04:14:50'),
(113, 34, 'Patient #24 Coleen Panimdim has requested a Dental Certificate for transaction #7', 0, '2025-11-22 04:14:50'),
(114, 35, 'Patient #24 Coleen Panimdim has requested a Dental Certificate for transaction #7', 0, '2025-11-22 04:14:50'),
(122, 36, 'Welcome to Smile-ify! Your account was successfully created.', 1, '2025-11-22 04:34:40'),
(123, 36, 'Your appointment on 2025-11-24 at 14:30 was successfully booked!', 1, '2025-11-22 04:34:40'),
(124, 36, 'Your appointment on 2025-11-25 at 09:30 was successfully booked!', 1, '2025-11-22 04:39:52'),
(125, 36, 'Your appointment on 2026-01-14 at 10:30 was successfully booked!', 1, '2025-11-22 04:48:28'),
(165, 12, 'Your appointment (November 24, 2025 at 10:00 AM) has been marked as completed. Thank you for visiting!', 1, '2025-11-22 05:47:17'),
(166, 37, 'Welcome to Smile-ify! Your account was successfully created.', 0, '2025-11-22 11:27:44'),
(167, 37, 'Your appointment on 2025-11-27 at 11:30 was successfully booked!', 0, '2025-11-22 11:27:44'),
(168, 37, 'Your password was changed successfully on November 22, 2025, 7:41 pm. If this wasn’t you, please contact clinic immediately.', 0, '2025-11-22 11:41:29'),
(169, 38, 'Welcome to Smile-ify! Your account was created.', 0, '2025-11-22 18:30:25'),
(170, 38, 'Your appointment on 2025-11-25 at 10:30 was successfully booked!', 0, '2025-11-22 18:30:25'),
(171, 3, 'The announcement \'Staff Meeting\' in Babag 2, Lapu-Lapu City was updated.', 1, '2025-11-22 19:45:54'),
(172, 3, 'The announcement \'Staff Meeting\' in Babag 2, Lapu-Lapu City was updated.', 1, '2025-11-22 19:46:33'),
(173, 39, 'Welcome to Smile-ify! Your account was successfully created.', 0, '2025-11-23 13:21:31'),
(174, 39, 'Your appointment on 2025-12-17 at 09:00 was successfully booked!', 0, '2025-11-23 13:21:31'),
(175, 40, 'Welcome to Smile-ify! Your account was successfully created.', 1, '2025-11-23 13:35:42'),
(176, 40, 'Your appointment on 2025-12-17 at 13:00 was successfully booked!', 0, '2025-11-23 13:35:42'),
(177, 41, 'Welcome to Smile-ify! Your account was successfully created.', 0, '2025-11-23 17:18:00'),
(178, 41, 'Your appointment on 2025-11-28 at 10:30 was successfully booked!', 0, '2025-11-23 17:18:00'),
(179, 28, 'Your appointment (November 24, 2025 at 9:00 AM) has been cancelled.', 0, '2025-11-23 18:17:57'),
(180, 42, 'Welcome to Smile-ify! Your account was successfully created.', 1, '2025-11-23 19:22:54'),
(181, 42, 'Your appointment on 2025-12-04 at 13:00 was successfully booked!', 1, '2025-11-23 19:22:54'),
(182, 43, 'Welcome to Smile-ify! Your account was successfully created.', 0, '2025-11-23 20:14:57'),
(183, 43, 'Your appointment on 2025-11-25 at 12:30 was successfully booked!', 0, '2025-11-23 20:14:57'),
(184, 38, 'Your appointment on 2025-11-24 at 09:00 was successfully booked!', 0, '2025-11-23 21:13:10'),
(185, 38, 'Your appointment on 2025-12-01 at 09:00 was successfully booked!', 0, '2025-11-23 22:13:59'),
(186, 44, 'Welcome to Smile-ify! Your account was successfully created.', 0, '2025-11-23 22:51:02'),
(187, 44, 'Your appointment on 2025-11-24 at 10:00 was successfully booked!', 0, '2025-11-23 22:51:03'),
(188, 45, 'Welcome to Smile-ify! Your account was successfully created.', 1, '2025-11-23 23:00:07'),
(189, 45, 'Your appointment on 2025-11-24 at 10:00 was successfully booked!', 1, '2025-11-23 23:00:07'),
(190, 45, 'Your appointment on 2025-11-24 at 11:30 was successfully booked!', 1, '2025-11-23 23:23:25'),
(191, 46, 'Welcome to Smile-ify! Your account was successfully created.', 0, '2025-11-24 00:03:31'),
(192, 46, 'Your appointment on 2025-11-25 at 14:00 was successfully booked!', 0, '2025-11-24 00:03:31'),
(193, 47, 'Welcome to Smile-ify! Your account was created.', 0, '2025-11-24 00:17:37'),
(194, 47, 'Your appointment on 2025-11-24 at 10:30 was successfully booked!', 0, '2025-11-24 00:17:37'),
(195, 48, 'Welcome to Smile-ify! Your account was successfully created.', 1, '2025-11-24 00:20:27'),
(196, 48, 'Your appointment on 2025-11-25 at 10:30 was successfully booked!', 1, '2025-11-24 00:20:27'),
(197, 47, 'Your appointment on 2025-11-24 at 11:30 was successfully booked!', 0, '2025-11-24 00:45:09'),
(198, 49, 'Welcome to Smile-ify! Your account was successfully created.', 0, '2025-11-24 01:41:10'),
(199, 49, 'Your appointment on 2025-11-24 at 11:30 was successfully booked!', 0, '2025-11-24 01:41:11'),
(200, 53, 'Welcome to Smile-ify! Your account was successfully created.', 1, '2025-11-24 01:49:31'),
(201, 53, 'Your appointment on 2025-11-24 at 13:30 was successfully booked!', 1, '2025-11-24 01:49:31'),
(202, 53, 'Your appointment on 2025-11-25 at 09:30 was successfully booked!', 1, '2025-11-24 01:53:14'),
(203, 53, 'Your appointment on 2025-11-29 at 09:00 was successfully booked!', 1, '2025-11-24 01:55:28'),
(204, 54, 'Welcome to Smile-ify! Your account was successfully created.', 1, '2025-11-24 01:58:00'),
(205, 54, 'Your appointment on 2025-11-28 at 10:00 was successfully booked!', 1, '2025-11-24 01:58:00'),
(206, 54, 'Your appointment on 2025-11-28 at 09:00 was successfully booked!', 1, '2025-11-24 01:59:23'),
(207, 54, 'Your appointment on 2025-11-24 at 10:30 was successfully booked!', 0, '2025-11-24 02:08:53'),
(208, 55, 'Welcome to Smile-ify! Your account was successfully created.', 0, '2025-11-24 02:30:09'),
(209, 55, 'Your appointment on 2025-12-11 at 16:00 was successfully booked!', 0, '2025-11-24 02:30:09'),
(210, 53, 'Your appointment has been rescheduled to 2025-11-29 at 11:30.', 0, '2025-11-24 02:32:14'),
(211, 53, 'Your appointment has been rescheduled to 2025-11-25 at 09:00.', 0, '2025-11-24 02:34:25'),
(212, 25, 'Your appointment has been rescheduled to 2025-11-25 at 09:00.', 0, '2025-11-24 02:39:33'),
(213, 25, 'Your appointment has been rescheduled to 2025-11-27 at 09:00.', 0, '2025-11-24 02:41:40'),
(214, 6, 'Your appointment has been rescheduled to 2025-11-25 at 09:00.', 0, '2025-11-24 14:50:13'),
(215, 12, 'Your appointment on 2025-11-26 at 09:00 was successfully booked!', 1, '2025-11-24 14:52:56'),
(216, 12, 'Your appointment has been rescheduled to 2025-11-28 at 11:30.', 1, '2025-11-24 14:53:35'),
(217, 27, 'Your appointment (November 24, 2025 at 9:00 AM) has been cancelled.', 0, '2025-11-24 15:18:10'),
(218, 5, 'Your appointment (November 24, 2025 at 9:00 AM) has been cancelled.', 0, '2025-11-24 15:19:45'),
(219, 26, 'Your appointment (November 24, 2025 at 9:00 AM) has been cancelled.', 0, '2025-11-24 15:24:47'),
(220, 12, 'Your appointment (November 28, 2025 at 11:30 AM) has been cancelled.', 1, '2025-11-24 15:25:41'),
(221, 38, 'Your appointment (November 24, 2025 at 9:00 AM) has been marked as completed. Thank you for visiting!', 0, '2025-11-24 17:18:41'),
(222, 12, 'Your email was successfully updated to 18108007@usc.edu.ph on November 25, 2025, 2:12 am. If this wasn’t you, please contact the clinic immediately.', 1, '2025-11-24 18:12:05'),
(223, 56, 'Welcome to Smile-ify! Your account was successfully created.', 0, '2025-11-24 22:34:23'),
(224, 56, 'Your appointment on 2025-11-29 at 14:00 was successfully booked!', 0, '2025-11-24 22:34:23'),
(225, 47, 'Your appointment (November 24, 2025 at 11:30 AM) has been marked as completed. Thank you for visiting!', 0, '2025-11-24 22:38:07'),
(226, 29, 'Your appointment (November 24, 2025 at 9:00 AM) has been marked as completed. Thank you for visiting!', 0, '2025-11-24 22:41:15'),
(227, 21, 'Your appointment (November 24, 2025 at 9:30 AM) has been cancelled.', 0, '2025-11-25 00:29:55'),
(228, 45, 'Your appointment (November 24, 2025 at 10:00 AM) has been marked as completed. Thank you for visiting!', 0, '2025-11-25 02:32:14'),
(229, 44, 'Your Dental Certificate request from your appointment on November 24, 2025 at 10:00 AM has been approved.', 0, '2025-11-25 03:29:21'),
(230, 37, 'Your password was changed successfully on November 25, 2025, 12:46 pm. If this wasn’t you, please contact clinic immediately.', 0, '2025-11-25 04:46:48'),
(231, 37, 'Your password was changed successfully on November 27, 2025, 4:17 am. If this wasn’t you, please contact clinic immediately.', 0, '2025-11-26 20:17:18'),
(232, 8, 'Your password was changed successfully on November 27, 2025, 5:07 am. If this wasn’t you, please contact clinic immediately.', 1, '2025-11-26 21:07:41'),
(233, 57, 'Welcome to Smile-ify! Your account was successfully created.', 0, '2025-11-27 06:03:23'),
(234, 57, 'Your appointment on 2025-12-03 at 14:00 was successfully booked!', 0, '2025-11-27 06:03:23'),
(235, 62, 'Your appointment (December 4, 2025 at 9:00 AM) has been marked as completed. Thank you for visiting!', 0, '2025-12-03 14:30:48'),
(236, 4, 'Patient #61 Lilian E. Parchaso has requested a Dental Certificate for transaction #18', 0, '2025-12-03 15:22:54'),
(237, 8, 'Patient #61 Lilian E. Parchaso has requested a Dental Certificate for transaction #18', 1, '2025-12-03 15:22:54'),
(238, 17, 'Patient #61 Lilian E. Parchaso has requested a Dental Certificate for transaction #18', 0, '2025-12-03 15:22:54'),
(239, 22, 'Patient #61 Lilian E. Parchaso has requested a Dental Certificate for transaction #18', 0, '2025-12-03 15:22:54'),
(240, 23, 'Patient #61 Lilian E. Parchaso has requested a Dental Certificate for transaction #18', 0, '2025-12-03 15:22:54'),
(241, 32, 'Patient #61 Lilian E. Parchaso has requested a Dental Certificate for transaction #18', 0, '2025-12-03 15:22:54'),
(242, 34, 'Patient #61 Lilian E. Parchaso has requested a Dental Certificate for transaction #18', 0, '2025-12-03 15:22:54'),
(243, 35, 'Patient #61 Lilian E. Parchaso has requested a Dental Certificate for transaction #18', 0, '2025-12-03 15:22:54'),
(251, 4, 'Patient #62 JJ Parchaso has requested a Dental Certificate for transaction #18', 0, '2025-12-03 15:28:40'),
(252, 8, 'Patient #62 JJ Parchaso has requested a Dental Certificate for transaction #18', 1, '2025-12-03 15:28:40'),
(253, 17, 'Patient #62 JJ Parchaso has requested a Dental Certificate for transaction #18', 0, '2025-12-03 15:28:40'),
(254, 22, 'Patient #62 JJ Parchaso has requested a Dental Certificate for transaction #18', 0, '2025-12-03 15:28:40'),
(255, 23, 'Patient #62 JJ Parchaso has requested a Dental Certificate for transaction #18', 0, '2025-12-03 15:28:40'),
(256, 32, 'Patient #62 JJ Parchaso has requested a Dental Certificate for transaction #18', 0, '2025-12-03 15:28:40'),
(257, 34, 'Patient #62 JJ Parchaso has requested a Dental Certificate for transaction #18', 0, '2025-12-03 15:28:40'),
(258, 35, 'Patient #62 JJ Parchaso has requested a Dental Certificate for transaction #18', 0, '2025-12-03 15:28:40'),
(266, 4, 'Patient #62 JJ Parchaso has requested a Dental Certificate for transaction #18', 0, '2025-12-03 15:30:45'),
(267, 8, 'Patient #62 JJ Parchaso has requested a Dental Certificate for transaction #18', 1, '2025-12-03 15:30:45'),
(268, 17, 'Patient #62 JJ Parchaso has requested a Dental Certificate for transaction #18', 0, '2025-12-03 15:30:45'),
(269, 22, 'Patient #62 JJ Parchaso has requested a Dental Certificate for transaction #18', 0, '2025-12-03 15:30:45'),
(270, 23, 'Patient #62 JJ Parchaso has requested a Dental Certificate for transaction #18', 0, '2025-12-03 15:30:45'),
(271, 32, 'Patient #62 JJ Parchaso has requested a Dental Certificate for transaction #18', 0, '2025-12-03 15:30:45'),
(272, 34, 'Patient #62 JJ Parchaso has requested a Dental Certificate for transaction #18', 0, '2025-12-03 15:30:45'),
(273, 35, 'Patient #62 JJ Parchaso has requested a Dental Certificate for transaction #18', 0, '2025-12-03 15:30:45'),
(281, 4, 'Patient #62 JJ Parchaso has requested a Dental Certificate for transaction #18', 0, '2025-12-03 15:44:05'),
(282, 8, 'Patient #62 JJ Parchaso has requested a Dental Certificate for transaction #18', 1, '2025-12-03 15:44:05'),
(283, 17, 'Patient #62 JJ Parchaso has requested a Dental Certificate for transaction #18', 0, '2025-12-03 15:44:05'),
(284, 22, 'Patient #62 JJ Parchaso has requested a Dental Certificate for transaction #18', 0, '2025-12-03 15:44:05'),
(285, 23, 'Patient #62 JJ Parchaso has requested a Dental Certificate for transaction #18', 0, '2025-12-03 15:44:05'),
(286, 32, 'Patient #62 JJ Parchaso has requested a Dental Certificate for transaction #18', 0, '2025-12-03 15:44:05'),
(287, 34, 'Patient #62 JJ Parchaso has requested a Dental Certificate for transaction #18', 0, '2025-12-03 15:44:05'),
(288, 35, 'Patient #62 JJ Parchaso has requested a Dental Certificate for transaction #18', 0, '2025-12-03 15:44:05'),
(296, 4, 'Patient #62 JJ Parchaso has requested a Dental Certificate for transaction #18', 0, '2025-12-03 15:45:56'),
(297, 8, 'Patient #62 JJ Parchaso has requested a Dental Certificate for transaction #18', 1, '2025-12-03 15:45:56'),
(298, 17, 'Patient #62 JJ Parchaso has requested a Dental Certificate for transaction #18', 0, '2025-12-03 15:45:56'),
(299, 22, 'Patient #62 JJ Parchaso has requested a Dental Certificate for transaction #18', 0, '2025-12-03 15:45:56'),
(300, 23, 'Patient #62 JJ Parchaso has requested a Dental Certificate for transaction #18', 0, '2025-12-03 15:45:56'),
(301, 32, 'Patient #62 JJ Parchaso has requested a Dental Certificate for transaction #18', 0, '2025-12-03 15:45:56'),
(302, 34, 'Patient #62 JJ Parchaso has requested a Dental Certificate for transaction #18', 0, '2025-12-03 15:45:56'),
(303, 35, 'Patient #62 JJ Parchaso has requested a Dental Certificate for transaction #18', 0, '2025-12-03 15:45:56'),
(311, 62, 'Your Dental Certificate request from your appointment on December 4, 2025 at 9:00 AM has been approved.', 0, '2025-12-03 15:46:54'),
(325, 58, 'Your password was changed successfully on December 4, 2025, 12:45 am. If this wasn’t you, please contact clinic immediately.', 1, '2025-12-03 16:45:38'),
(339, 58, 'Your appointment (December 4, 2025 at 9:00 AM) has been marked as completed. Thank you for visiting!', 1, '2025-12-03 16:50:37'),
(340, 4, 'Patient #58 Jhon Joseph E. Parchaso has requested a Dental Certificate for transaction #19', 0, '2025-12-03 17:03:16'),
(341, 8, 'Patient #58 Jhon Joseph E. Parchaso has requested a Dental Certificate for transaction #19', 1, '2025-12-03 17:03:16'),
(342, 17, 'Patient #58 Jhon Joseph E. Parchaso has requested a Dental Certificate for transaction #19', 0, '2025-12-03 17:03:16'),
(343, 22, 'Patient #58 Jhon Joseph E. Parchaso has requested a Dental Certificate for transaction #19', 0, '2025-12-03 17:03:16'),
(344, 23, 'Patient #58 Jhon Joseph E. Parchaso has requested a Dental Certificate for transaction #19', 0, '2025-12-03 17:03:16'),
(345, 32, 'Patient #58 Jhon Joseph E. Parchaso has requested a Dental Certificate for transaction #19', 0, '2025-12-03 17:03:16'),
(346, 34, 'Patient #58 Jhon Joseph E. Parchaso has requested a Dental Certificate for transaction #19', 0, '2025-12-03 17:03:16'),
(347, 35, 'Patient #58 Jhon Joseph E. Parchaso has requested a Dental Certificate for transaction #19', 0, '2025-12-03 17:03:16'),
(355, 58, 'Your Dental Certificate request from your appointment on December 4, 2025 at 9:00 AM has been approved.', 1, '2025-12-03 17:14:46'),
(356, 58, 'Your appointment on 2025-12-11 at 09:00 was successfully booked!', 1, '2025-12-03 17:53:39'),
(357, 58, 'Your appointment (December 11, 2025 at 9:00 AM) has been marked as completed. Thank you for visiting!', 1, '2025-12-03 18:00:50'),
(358, 4, 'Patient #58 Jhon Joseph E. Parchaso has requested a Dental Certificate for transaction #20', 0, '2025-12-03 18:13:32'),
(359, 8, 'Patient #58 Jhon Joseph E. Parchaso has requested a Dental Certificate for transaction #20', 1, '2025-12-03 18:13:32'),
(360, 17, 'Patient #58 Jhon Joseph E. Parchaso has requested a Dental Certificate for transaction #20', 0, '2025-12-03 18:13:32'),
(361, 22, 'Patient #58 Jhon Joseph E. Parchaso has requested a Dental Certificate for transaction #20', 0, '2025-12-03 18:13:32'),
(362, 23, 'Patient #58 Jhon Joseph E. Parchaso has requested a Dental Certificate for transaction #20', 0, '2025-12-03 18:13:32'),
(363, 32, 'Patient #58 Jhon Joseph E. Parchaso has requested a Dental Certificate for transaction #20', 0, '2025-12-03 18:13:32'),
(364, 34, 'Patient #58 Jhon Joseph E. Parchaso has requested a Dental Certificate for transaction #20', 0, '2025-12-03 18:13:32'),
(365, 35, 'Patient #58 Jhon Joseph E. Parchaso has requested a Dental Certificate for transaction #20', 0, '2025-12-03 18:13:32'),
(373, 58, 'Your Dental Certificate request from your appointment on December 11, 2025 at 9:00 AM has been approved.', 1, '2025-12-03 18:14:05'),
(374, 61, 'Your appointment on 2025-12-15 at 09:00 was successfully booked!', 1, '2025-12-03 19:05:07'),
(375, 44, 'Your appointment (November 24, 2025 at 10:00 AM) has been marked as completed. Thank you for visiting!', 0, '2025-12-03 19:05:39'),
(376, 47, 'Your appointment (November 24, 2025 at 10:30 AM) has been cancelled.', 0, '2025-12-03 19:05:48'),
(377, 49, 'Your appointment (November 24, 2025 at 11:30 AM) has been cancelled.', 0, '2025-12-03 19:05:56'),
(378, 45, 'Your appointment (November 24, 2025 at 11:30 AM) has been cancelled.', 0, '2025-12-03 19:06:04'),
(379, 13, 'Your appointment (November 24, 2025 at 11:30 AM) has been cancelled.', 0, '2025-12-03 19:06:12'),
(380, 24, 'Your appointment (November 24, 2025 at 1:00 PM) has been cancelled.', 0, '2025-12-03 19:06:20'),
(381, 53, 'Your appointment (November 24, 2025 at 1:30 PM) has been cancelled.', 0, '2025-12-03 19:06:28'),
(382, 6, 'Your appointment (November 25, 2025 at 9:00 AM) has been cancelled.', 0, '2025-12-03 19:06:37'),
(383, 36, 'Your appointment (November 25, 2025 at 9:30 AM) has been cancelled.', 0, '2025-12-03 19:06:50'),
(384, 38, 'Your appointment (November 25, 2025 at 10:30 AM) has been cancelled.', 0, '2025-12-03 19:06:57'),
(385, 7, 'Your appointment (November 26, 2025 at 10:00 AM) has been cancelled.', 0, '2025-12-03 19:07:06'),
(386, 38, 'Your appointment (December 1, 2025 at 9:00 AM) has been cancelled.', 0, '2025-12-03 19:07:34'),
(387, 63, 'Your appointment on 2025-12-15 at 10:30 was successfully booked!', 0, '2025-12-03 19:20:31'),
(388, 62, 'Your appointment on 2025-12-15 at 09:00 was successfully booked!', 0, '2025-12-03 21:11:53'),
(389, 62, 'Your appointment (December 15, 2025 at 9:00 AM) has been marked as completed. Thank you for visiting!', 0, '2025-12-03 21:47:11'),
(390, 4, 'Patient #62 JJ Parchaso has requested a Dental Certificate for transaction #21', 0, '2025-12-03 21:58:17'),
(391, 8, 'Patient #62 JJ Parchaso has requested a Dental Certificate for transaction #21', 1, '2025-12-03 21:58:17'),
(392, 17, 'Patient #62 JJ Parchaso has requested a Dental Certificate for transaction #21', 0, '2025-12-03 21:58:17'),
(393, 22, 'Patient #62 JJ Parchaso has requested a Dental Certificate for transaction #21', 0, '2025-12-03 21:58:17'),
(394, 23, 'Patient #62 JJ Parchaso has requested a Dental Certificate for transaction #21', 0, '2025-12-03 21:58:17'),
(395, 32, 'Patient #62 JJ Parchaso has requested a Dental Certificate for transaction #21', 0, '2025-12-03 21:58:17'),
(396, 34, 'Patient #62 JJ Parchaso has requested a Dental Certificate for transaction #21', 0, '2025-12-03 21:58:17'),
(397, 35, 'Patient #62 JJ Parchaso has requested a Dental Certificate for transaction #21', 0, '2025-12-03 21:58:17'),
(405, 62, 'Your Dental Certificate request from your appointment on December 15, 2025 at 9:00 AM has been approved.', 0, '2025-12-03 22:00:25'),
(406, 61, 'Your appointment (December 15, 2025 at 9:00 AM) has been cancelled.', 1, '2025-12-03 22:07:04'),
(407, 63, 'Your appointment (December 15, 2025 at 10:30 AM) has been cancelled.', 0, '2025-12-03 22:07:36'),
(408, 61, 'The appointment for your dependent (December 15, 2025 at 10:30 AM) has been cancelled.', 1, '2025-12-03 22:07:37'),
(409, 61, 'Your appointment on 2025-12-09 at 09:00 was successfully booked!', 1, '2025-12-03 22:08:02'),
(410, 62, 'Your appointment on 2025-12-09 at 09:00 was successfully booked!', 0, '2025-12-03 22:09:03'),
(411, 64, 'Your appointment on 2025-12-09 at 10:30 was successfully booked!', 0, '2025-12-03 22:11:36'),
(412, 61, 'Your dependent\'s appointment on 2025-12-09 at 10:30 was successfully booked.', 1, '2025-12-03 22:11:36'),
(413, 62, 'Your appointment has been rescheduled to December 9, 2025 at 1:00 PM.', 0, '2025-12-03 22:12:11'),
(414, 61, 'The appointment for your dependent has been rescheduled to December 9, 2025 at 1:00 PM.', 1, '2025-12-03 22:12:11'),
(415, 61, 'Your appointment has been rescheduled to December 9, 2025 at 1:00 PM.', 1, '2025-12-03 22:13:01'),
(416, 64, 'Your appointment (December 9, 2025 at 10:30 AM) has been cancelled.', 0, '2025-12-03 22:14:17'),
(417, 61, 'The appointment for your dependent (December 9, 2025 at 10:30 AM) has been cancelled.', 1, '2025-12-03 22:14:18'),
(418, 62, 'Your appointment has been rescheduled to December 10, 2025 at 2:00 PM.', 0, '2025-12-03 22:14:43'),
(419, 61, 'The appointment for your dependent has been rescheduled to December 10, 2025 at 2:00 PM.', 1, '2025-12-03 22:14:43'),
(420, 62, 'Your appointment (December 10, 2025 at 2:00 PM) has been marked as completed. Thank you for visiting!', 0, '2025-12-03 22:16:37'),
(421, 61, 'The appointment for your dependent (December 10, 2025 at 2:00 PM) has been marked as completed.', 1, '2025-12-03 22:16:37'),
(422, 65, 'Welcome to Smile-ify! Your account was created.', 0, '2025-12-03 23:05:30'),
(423, 65, 'Your appointment on 2025-12-09 at 09:00 was successfully booked!', 0, '2025-12-03 23:05:30'),
(424, 66, 'Welcome to Smile-ify! Your account was created.', 0, '2025-12-03 23:08:37'),
(425, 66, 'Your appointment on 2025-12-09 at 09:00 was successfully booked!', 0, '2025-12-03 23:08:37'),
(426, 67, 'Welcome to Smile-ify! Your account was created.', 1, '2025-12-03 23:12:42'),
(427, 67, 'Your appointment on 2025-12-11 at 09:00 was successfully booked!', 1, '2025-12-03 23:12:42'),
(428, 69, 'Welcome to Smile-ify! Your account was created.', 1, '2025-12-03 23:20:45'),
(429, 70, 'Your appointment on 2025-12-11 at 09:00 was successfully booked.', 0, '2025-12-03 23:20:45'),
(430, 69, 'Your dependent\'s appointment on 2025-12-11 at 09:00 was successfully booked.', 1, '2025-12-03 23:20:46'),
(431, 61, 'Your appointment on 2025-12-11 at 09:00 was successfully booked!', 1, '2025-12-04 00:31:02'),
(432, 61, 'Your appointment on 2025-12-11 at 10:00 was successfully booked!', 1, '2025-12-04 00:33:20'),
(433, 61, 'Your appointment on 2025-12-11 at 11:00 was successfully booked!', 1, '2025-12-04 00:44:58'),
(434, 71, 'Your appointment on 2025-12-11 at 13:30 was successfully booked!', 0, '2025-12-04 00:49:45'),
(435, 61, 'Your dependent\'s appointment on 2025-12-11 at 13:30 has been booked.', 1, '2025-12-04 00:49:46'),
(436, 71, 'Your appointment on 2025-12-11 at 15:00 was successfully booked!', 0, '2025-12-04 00:55:10'),
(437, 61, 'Your dependent\'s appointment on 2025-12-11 at 15:00 has been booked.', 1, '2025-12-04 00:55:11'),
(438, 72, 'Your appointment on 2025-12-12 at 09:00 was successfully booked!', 0, '2025-12-04 00:58:45'),
(439, 61, 'Your dependent\'s appointment on 2025-12-12 at 09:00 has been booked.', 1, '2025-12-04 00:58:46'),
(440, 73, 'Your appointment on 2025-12-12 at 09:00 was successfully booked!', 0, '2025-12-04 00:58:46'),
(441, 61, 'Your dependent\'s appointment on 2025-12-12 at 09:00 has been booked.', 1, '2025-12-04 00:58:47'),
(442, 12, 'Your appointment on 2025-12-05 at 10:30 was successfully booked!', 1, '2025-12-04 01:10:50'),
(443, 72, 'Your appointment on 2025-12-08 at 09:00 was successfully booked!', 0, '2025-12-04 11:02:50'),
(444, 61, 'Your dependent\'s appointment on 2025-12-08 at 09:00 has been booked.', 1, '2025-12-04 11:02:50'),
(445, 74, 'Your appointment on 2025-12-08 at 09:00 was successfully booked!', 0, '2025-12-04 11:05:11'),
(446, 61, 'Your dependent\'s appointment on 2025-12-08 at 09:00 has been booked.', 1, '2025-12-04 11:05:12'),
(447, 75, 'Welcome to Smile-ify! Your account has been created.', 0, '2025-12-04 17:44:03'),
(448, 75, 'Your appointment on 2025-12-06 at 09:00 was successfully booked.', 0, '2025-12-04 17:44:03'),
(449, 56, 'Your appointment on 2025-12-06 at 09:30 was successfully booked!', 0, '2025-12-04 18:06:21'),
(450, 56, 'Your appointment (December 6, 2025 at 9:30 AM) has been marked as completed. Thank you for visiting!', 0, '2025-12-04 19:04:34'),
(451, 12, 'Your appointment (December 5, 2025 at 10:30 AM) has been marked as completed. Thank you for visiting!', 0, '2025-12-04 19:17:11'),
(452, 37, 'Your Dental Certificate request from your appointment on November 27, 2025 at 11:30 AM has been approved.', 0, '2025-12-04 20:09:30'),
(453, 76, 'Your Secretary account has been created. Branch Assignment: Bankal, LLC. Username: Parch_J', 0, '2025-12-06 12:42:23'),
(454, 3, 'A new announcement titled \'Defense Announcement\' was added for Babag 2, Lapu-Lapu City.', 1, '2025-12-09 09:33:08'),
(455, 3, 'The announcement \'Defense Announcement111\' in Babag 2, Lapu-Lapu City was updated.', 1, '2025-12-09 09:38:35'),
(456, 3, 'The announcement \'Defense Announcement\' in Babag 2, Lapu-Lapu City was updated.', 1, '2025-12-09 09:41:44'),
(457, 3, 'The announcement \'Defense Announcement\' in Babag 2, Lapu-Lapu City was updated.', 1, '2025-12-09 09:43:37'),
(458, 3, 'The announcement \'Christmast Party\' in Babag 2, Lapu-Lapu City was updated.', 1, '2025-12-09 09:44:16'),
(459, 78, 'Welcome to Smile-ify! Your account was created.', 1, '2025-12-09 09:56:11'),
(460, 78, 'Your appointment on 2025-12-10 at 09:00 was successfully booked.', 1, '2025-12-09 09:56:11'),
(461, 79, 'Welcome to Smile-ify! Your account was created.', 1, '2025-12-09 10:05:27'),
(462, 80, 'Your appointment on 2025-12-10 at 09:00 was successfully booked.', 0, '2025-12-09 10:05:27'),
(463, 79, 'Your dependent\'s appointment on 2025-12-10 at 09:00 was successfully booked.', 1, '2025-12-09 10:05:27'),
(464, 81, 'Welcome to Smile-ify! Your account has been created.', 0, '2025-12-09 10:59:38'),
(465, 81, 'Your appointment on 2025-12-25 at 09:00 was successfully booked.', 0, '2025-12-09 10:59:38'),
(466, 61, 'Your appointment (December 11, 2025 at 9:00 AM) has been marked as completed. Thank you for visiting!', 1, '2025-12-09 12:30:54'),
(467, 25, 'Your Dental Certificate request from your appointment on November 27, 2025 at 9:00 AM has been approved.', 0, '2025-12-09 13:51:47'),
(468, 12, 'Your Dental Certificate request from your appointment on December 5, 2025 at 10:30 AM has been approved.', 0, '2025-12-09 14:07:23'),
(469, 78, 'Your appointment (December 10, 2025 at 9:00 AM) has been marked as completed. Thank you for visiting!', 1, '2025-12-09 14:13:40'),
(470, 4, 'Patient #78 Jhon S. Doe has requested a Dental Certificate for transaction #26', 0, '2025-12-09 14:17:00'),
(471, 8, 'Patient #78 Jhon S. Doe has requested a Dental Certificate for transaction #26', 1, '2025-12-09 14:17:00'),
(472, 17, 'Patient #78 Jhon S. Doe has requested a Dental Certificate for transaction #26', 0, '2025-12-09 14:17:00'),
(473, 22, 'Patient #78 Jhon S. Doe has requested a Dental Certificate for transaction #26', 0, '2025-12-09 14:17:00'),
(474, 23, 'Patient #78 Jhon S. Doe has requested a Dental Certificate for transaction #26', 0, '2025-12-09 14:17:00'),
(475, 32, 'Patient #78 Jhon S. Doe has requested a Dental Certificate for transaction #26', 0, '2025-12-09 14:17:00'),
(476, 34, 'Patient #78 Jhon S. Doe has requested a Dental Certificate for transaction #26', 0, '2025-12-09 14:17:00'),
(477, 35, 'Patient #78 Jhon S. Doe has requested a Dental Certificate for transaction #26', 0, '2025-12-09 14:17:00'),
(485, 78, 'Your appointment on 2025-12-23 at 09:00 was successfully booked!', 1, '2025-12-09 15:03:45'),
(486, 79, 'Your appointment on 2025-12-10 at 09:00 was successfully booked!', 1, '2025-12-09 15:18:06'),
(487, 82, 'Your appointment on 2025-12-10 at 09:00 was successfully booked!', 0, '2025-12-09 15:19:57'),
(488, 79, 'Your dependent\'s appointment on 2025-12-10 at 09:00 was successfully booked.', 1, '2025-12-09 15:19:57'),
(489, 82, 'Your appointment on 2025-12-10 at 11:00 was successfully booked!', 0, '2025-12-09 15:21:00'),
(490, 79, 'Your dependent\'s appointment on 2025-12-10 at 11:00 was successfully booked.', 1, '2025-12-09 15:21:00');

-- --------------------------------------------------------

--
-- Table structure for table `promo`
--

CREATE TABLE `promo` (
  `promo_id` int(11) NOT NULL,
  `name` varchar(255) NOT NULL,
  `image_path` varchar(255) DEFAULT NULL,
  `description` text DEFAULT NULL,
  `discount_type` enum('percentage','fixed') NOT NULL DEFAULT 'percentage',
  `discount_value` decimal(10,2) NOT NULL,
  `date_created` datetime DEFAULT current_timestamp(),
  `date_updated` datetime DEFAULT current_timestamp() ON UPDATE current_timestamp()
) ENGINE=InnoDB DEFAULT CHARSET=utf8mb4 COLLATE=utf8mb4_general_ci;

--
-- Dumping data for table `promo`
--

INSERT INTO `promo` (`promo_id`, `name`, `image_path`, `description`, `discount_type`, `discount_value`, `date_created`, `date_updated`) VALUES
(1, 'Senior Citizen Discount', '/images/promos/promo_1.jpg', '60+ age', 'percentage', 20.00, '2025-11-20 19:11:59', '2025-11-20 19:11:59'),
(2, 'Christmas Dental Promo', '/images/promos/promo_2.png', '', 'fixed', 200.00, '2025-11-20 19:16:05', '2025-11-20 19:16:05'),
(3, 'New Year Sale', NULL, '', 'percentage', 20.00, '2025-11-21 03:50:50', '2025-11-21 05:48:11'),
(4, '12.12 PROMO', NULL, '', 'fixed', 100.00, '2025-11-21 09:27:38', '2025-11-22 19:59:56'),
(5, 'Anniversary Sale', '/images/promos/promo_5.webp', '', 'percentage', 20.00, '2025-11-22 00:35:39', '2025-11-23 03:56:22'),
(6, 'PAYDAY SALE', '/images/promos/promo_6.jpg', 'Payday sale for all patients', 'percentage', 20.00, '2025-11-22 20:02:16', '2025-11-22 20:03:23'),
(7, 'Promo for Defense', '/images/promos/promo_7.jpg', '', 'percentage', 15.00, '2025-12-09 15:35:07', '2025-12-09 18:00:26');

-- --------------------------------------------------------

--
-- Table structure for table `qr_payment`
--

CREATE TABLE `qr_payment` (
  `id` int(11) NOT NULL,
  `file_name` varchar(255) NOT NULL,
  `file_path` varchar(255) NOT NULL,
  `uploaded_at` timestamp NOT NULL DEFAULT current_timestamp()
) ENGINE=InnoDB DEFAULT CHARSET=utf8mb4 COLLATE=utf8mb4_general_ci;

--
-- Dumping data for table `qr_payment`
--

INSERT INTO `qr_payment` (`id`, `file_name`, `file_path`, `uploaded_at`) VALUES
(1, 'qr_payment.png', '/images/qr/qr_payment.png', '2025-12-09 08:27:38');

-- --------------------------------------------------------

--
-- Table structure for table `service`
--

CREATE TABLE `service` (
  `service_id` int(11) NOT NULL,
  `name` varchar(50) NOT NULL,
  `price` double NOT NULL,
  `duration_minutes` int(11) NOT NULL DEFAULT 45,
  `date_created` datetime DEFAULT current_timestamp(),
  `date_updated` datetime DEFAULT current_timestamp() ON UPDATE current_timestamp(),
  `requires_xray` tinyint(1) DEFAULT 0
) ENGINE=InnoDB DEFAULT CHARSET=utf8mb4 COLLATE=utf8mb4_general_ci;

--
-- Dumping data for table `service`
--

INSERT INTO `service` (`service_id`, `name`, `price`, `duration_minutes`, `date_created`, `date_updated`, `requires_xray`) VALUES
(1, 'Dental Certificate', 50, 0, '2025-11-20 18:28:52', '2025-12-09 22:15:50', 0),
(2, 'Check Up/Consultation', 200, 15, '2025-11-20 18:21:54', '2025-11-20 18:49:52', 0),
(3, 'Cleaning', 700, 45, '2025-11-20 18:22:17', '2025-11-21 05:46:00', 0),
(4, 'Tooth Filling', 700, 60, '2025-11-20 18:22:36', '2025-11-20 18:50:13', 0),
(5, 'Tooth Extraction', 700, 30, '2025-11-20 18:23:29', '2025-11-20 18:50:28', 0),
(6, 'Wisdom Tooth Extraction', 1600, 90, '2025-11-20 18:23:53', '2025-11-20 18:51:13', 0),
(7, 'Fluoride Application', 500, 15, '2025-11-20 18:24:09', '2025-11-20 18:51:19', 0),
(8, 'Braces (Simple)', 40000, 120, '2025-11-20 18:25:27', '2025-11-20 18:51:28', 0),
(9, 'Braces (Complicated)', 70000, 120, '2025-11-20 18:25:42', '2025-11-20 18:51:59', 0),
(10, 'Retainer (Plain)', 4000, 30, '2025-11-20 18:26:24', '2025-11-20 18:52:04', 0),
(11, 'Retainer w/ Pontic', 4000, 45, '2025-11-20 18:26:44', '2025-11-20 18:52:12', 0),
(12, 'Aligner', 100000, 45, '2025-11-20 18:27:01', '2025-11-20 18:54:33', 0),
(13, 'Ordinary Denture (base price)', 1900, 60, '2025-11-20 18:27:56', '2025-11-20 18:54:54', 0),
(14, 'High Impact Denture (base price)', 4000, 60, '2025-11-20 18:28:22', '2025-11-21 03:19:23', 0),
(15, 'Flexible Denture (base price)', 12000, 60, '2025-11-20 18:29:38', '2025-11-20 18:55:18', 0),
(16, 'Porcelain Crown', 14000, 120, '2025-11-20 18:30:29', '2025-11-20 18:55:24', 0),
(17, 'Emax Crown', 15000, 120, '2025-11-20 18:30:42', '2025-11-20 18:55:33', 0),
(18, 'PFM Crown', 7000, 120, '2025-11-20 18:31:05', '2025-11-20 18:55:42', 0),
(19, 'Veneer', 15000, 120, '2025-11-20 18:31:22', '2025-11-20 18:55:48', 0),
(20, 'Oral Surgery', 150000, 120, '2025-11-21 03:42:39', '2025-11-21 03:43:49', 1),
(21, 'Extract', 1200, 45, '2025-11-21 09:20:25', '2025-11-23 05:19:52', 1),
(22, 'Teeth Whitening', 5000, 120, '2025-11-22 00:29:04', '2025-11-22 00:30:26', 1),
(23, 'Pasta', 800, 30, '2025-11-22 19:57:12', '2025-11-22 19:57:12', 0),
(24, 'wisdom tooth extract', 0, 0, '2025-12-06 22:39:13', '2025-12-09 15:33:36', 0);

-- --------------------------------------------------------

--
-- Table structure for table `service_supplies`
--

CREATE TABLE `service_supplies` (
  `id` int(11) NOT NULL,
  `service_id` int(11) NOT NULL,
  `branch_id` int(11) DEFAULT NULL,
  `supply_id` int(11) NOT NULL,
  `quantity_used` varchar(50) NOT NULL DEFAULT '1.00',
  `date_created` timestamp NOT NULL DEFAULT current_timestamp(),
  `date_updated` datetime DEFAULT current_timestamp() ON UPDATE current_timestamp()
) ENGINE=InnoDB DEFAULT CHARSET=utf8mb4 COLLATE=utf8mb4_general_ci;

--
-- Dumping data for table `service_supplies`
--

INSERT INTO `service_supplies` (`id`, `service_id`, `branch_id`, `supply_id`, `quantity_used`, `date_created`, `date_updated`) VALUES
(17, 19, 1, 1, '5', '2025-11-20 20:28:55', '2025-11-25 06:39:46'),
(22, 3, 1, 2, '1', '2025-11-20 21:39:54', '2025-11-21 05:42:24'),
(23, 17, 1, 2, '1', '2025-11-20 21:39:54', '2025-11-21 05:42:24'),
(24, 15, 1, 2, '1', '2025-11-20 21:39:54', '2025-11-21 05:42:24'),
(25, 7, 1, 2, '1', '2025-11-20 21:39:54', '2025-11-21 05:42:24'),
(27, 13, 1, 2, '1', '2025-11-20 21:39:54', '2025-11-21 05:42:24'),
(32, 5, 1, 2, '1', '2025-11-20 21:39:54', '2025-11-21 05:42:24'),
(33, 4, 1, 2, '2', '2025-11-20 21:39:54', '2025-11-21 05:42:51'),
(35, 6, 1, 2, '1', '2025-11-20 21:39:54', '2025-11-21 05:42:24'),
(36, 5, 1, 3, '50', '2025-11-22 03:57:07', '2025-11-22 13:47:08'),
(37, 2, 1, 4, '0', '2025-11-22 14:26:56', '2025-11-22 22:26:56'),
(38, 3, 1, 4, '0', '2025-11-22 14:26:56', '2025-11-22 22:26:56'),
(39, 5, 1, 4, '0', '2025-11-22 14:26:56', '2025-11-22 22:26:56'),
(40, 4, 1, 4, '0', '2025-11-22 14:26:56', '2025-11-22 22:26:56'),
(41, 19, 1, 4, '0', '2025-11-22 14:26:56', '2025-11-22 22:26:56'),
(42, 6, 1, 4, '0', '2025-11-22 14:26:56', '2025-11-22 22:26:56'),
(43, 8, 1, 5, '0', '2025-11-22 14:27:32', '2025-11-22 22:27:32'),
(44, 5, 1, 5, '0', '2025-11-22 14:27:32', '2025-11-22 22:27:32'),
(45, 4, 1, 5, '0', '2025-11-22 14:27:32', '2025-11-22 22:27:32'),
(47, 19, 2, 6, '1', '2025-11-24 22:36:14', '2025-11-25 06:36:14'),
(48, 12, 1, 7, '5', '2025-12-09 14:24:38', '2025-12-09 22:24:38'),
(49, 9, 1, 7, '5', '2025-12-09 14:24:38', '2025-12-09 22:24:38'),
(50, 8, 1, 7, '5', '2025-12-09 14:24:38', '2025-12-09 22:24:38'),
(51, 2, 1, 7, '5', '2025-12-09 14:24:38', '2025-12-09 22:24:38');

-- --------------------------------------------------------

--
-- Table structure for table `supply`
--

CREATE TABLE `supply` (
  `supply_id` int(11) NOT NULL,
  `name` varchar(255) NOT NULL,
  `description` text DEFAULT NULL,
  `category` varchar(100) DEFAULT NULL,
  `unit` varchar(50) DEFAULT NULL
) ENGINE=InnoDB DEFAULT CHARSET=utf8mb4 COLLATE=utf8mb4_general_ci;

--
-- Dumping data for table `supply`
--

INSERT INTO `supply` (`supply_id`, `name`, `description`, `category`, `unit`) VALUES
(1, 'Gloves', '', '', ''),
(2, 'Cotton', '', '', ''),
(3, 'Forceps', '', '', ''),
(4, 'Mask', '', '', ''),
(5, 'Explorers', '', '', ''),
(6, 'Amox', 'med', 'drugs', 'mg'),
(7, 'Apron', 'apron', 'apron', 'mg');

-- --------------------------------------------------------

--
-- Table structure for table `users`
--

CREATE TABLE `users` (
  `user_id` int(11) NOT NULL,
  `guardian_id` int(11) DEFAULT NULL,
  `username` varchar(255) CHARACTER SET utf8mb4 COLLATE utf8mb4_bin DEFAULT NULL,
  `password` varchar(255) DEFAULT NULL,
  `last_name` varchar(50) NOT NULL,
  `middle_name` varchar(50) DEFAULT NULL,
  `first_name` varchar(50) NOT NULL,
  `gender` enum('Male','Female') DEFAULT NULL,
  `date_of_birth` varchar(255) DEFAULT NULL,
  `date_of_birth_iv` text DEFAULT NULL,
  `date_of_birth_tag` text DEFAULT NULL,
  `email` varchar(50) DEFAULT NULL,
  `contact_number` varchar(255) DEFAULT NULL,
  `contact_number_iv` text DEFAULT NULL,
  `contact_number_tag` text DEFAULT NULL,
  `address` varchar(255) DEFAULT NULL,
  `address_iv` text DEFAULT NULL,
  `address_tag` text DEFAULT NULL,
  `role` enum('owner','admin','patient') NOT NULL,
  `branch_id` int(11) DEFAULT NULL,
  `date_started` date DEFAULT NULL,
  `status` enum('Active','Inactive') NOT NULL,
  `date_created` timestamp NOT NULL DEFAULT current_timestamp(),
  `date_updated` datetime DEFAULT current_timestamp(),
  `force_logout` tinyint(1) DEFAULT 0,
  `owner_flag` tinyint(1) GENERATED ALWAYS AS (case when `role` = 'owner' then 1 else NULL end) STORED
) ENGINE=InnoDB DEFAULT CHARSET=utf8mb4 COLLATE=utf8mb4_general_ci;

--
-- Dumping data for table `users`
--

INSERT INTO `users` (`user_id`, `guardian_id`, `username`, `password`, `last_name`, `middle_name`, `first_name`, `gender`, `date_of_birth`, `date_of_birth_iv`, `date_of_birth_tag`, `email`, `contact_number`, `contact_number_iv`, `contact_number_tag`, `address`, `address_iv`, `address_tag`, `role`, `branch_id`, `date_started`, `status`, `date_created`, `date_updated`, `force_logout`) VALUES
(3, NULL, 'smileify_owner', '$2y$10$ztP9PxeWoQ1xebbhT0ztneZF//6oHiDQMjxLHb8jDxOR/mbCFY07y', 'Arriesgado', NULL, 'Irish', 'Male', 'dpFnPzlFUzy54A==', 'RcZbZyejRp4dSJlj', 'I+SiyQJElPq3RGEpy0JKpw==', 'josephparchaso@gmail.com', 'dIG/JWw8OxS7+Cw=', 'f+vA6QnRdnPORrZN', 'hxq4sxxR8zWZfdUh37KX7g==', NULL, NULL, NULL, 'owner', NULL, '2025-11-19', 'Active', '2025-11-18 16:24:36', NULL, 0),
(4, NULL, 'Potot_R', '$2y$10$AHkfLSKgjSUI/EdSvwkf8ORV51ch4nW4G0P.nJgI4jLooX273USE2', 'Potot', 'Travero', 'Rixielie', 'Male', 'RyRYccuXmYFSkQ==', 'md9KB1cF773cRmfC', '4LD5nRNuJo1W+ZmMLzbh3w==', '18102727@usc.edu.ph', 'rUxFAwCeceu1vQ==', 'GYD4S15mO0Z80tQt', 'NtgvbNMSCPRboi5mplXgXg==', 'YDRAWm+x7TnnKhpyZQ==', 'yeH0qllgFui+B+G2', '6PQeqkQMnKEDOAJWB3boPw==', 'admin', 1, '2025-11-20', 'Inactive', '2025-11-19 11:03:01', '2025-11-20 19:21:10', 1),
(5, NULL, 'Castillo_A', '$2y$10$RhbUsibDKWIWyN0EUQ/CA.iQgV3Rdj23VtBbOMAhqVQpmorH7KrVe', 'Castillo', 'Potot', 'Athena', 'Female', 'I/9n2u5r5XcZxw==', 'jx14VxEtWd3nP+fJ', 'oHfUbubiWK6o2yG6mZg7tA==', '18102727@usc.edu.ph', 'OhKRvWL+V+kj3A==', 'AaQ4MyZc0Q8dFP+U', 'EW68ZRTAILc6TZd23z3xtg==', NULL, NULL, NULL, 'patient', 1, NULL, 'Active', '2025-11-19 11:16:06', '2025-11-21 09:51:39', 0),
(6, NULL, 'Castillo_A1', '$2y$10$GD9/KqAiQwulPzQyzfy7DeqIiBrEJLqBYqva7HnTsj/pUIsPsCkgu', 'Castillo', 'Potot', 'Athena', 'Female', 'AMIXwTnVAVznyQ==', 'Xvu1UMb9tcWy4jDm', 'jLPfl2fJ/iVLO6CzuksjxQ==', '18102727@usc.edu.ph', 'NquQqNZAsVaD1g==', 'gpDvHJ1rmd2QrNBz', '1QSDqVAz8kFyCGtzD55pXw==', NULL, NULL, NULL, 'patient', 1, NULL, 'Active', '2025-11-19 11:16:08', NULL, 0),
(7, NULL, 'Castillo_A2', '$2y$10$ol1lkJC3jP0dZJgl17ZPn.ACG1fzSx./5IUBtPxzHvolkuLHUOY8u', 'Castillo', 'Potot', 'Andrei', 'Male', 'UFlqlalBgFVsSQ==', 'OZPnRFSbJi8PUMKW', 'MPA5HseUQM3ylH+bSP+Wlw==', 'theartp1@gmail.com', 'TWcAhvqxqMRuOQ==', 'rcJ4d24lyRKFiY54', '2j3yKXZ0MeWiHVMt+9ICSg==', NULL, NULL, NULL, 'patient', 1, NULL, 'Active', '2025-11-19 11:18:41', NULL, 0),
(8, NULL, 'Juban_J', '$2y$10$WRrn9zk2Cj1tW0DfhxB.i.ooZEnT4loEHjw1voc8sU.ZucWjWxV8i', 'Juban', '', 'Jay Marie', 'Female', 'W6gKRmdOedtgMw==', 'xvWwRpJ+7C1P89jT', '3J26tQybCTquA0epsbA3eg==', '18102727@usc.edu.ph', 'bZ0Nk56ADYmilA==', '29axUCDFI56y5AgF', 'r7HvqrxLskNoDWcce4tQ1A==', '2cPrdgFq4w==', 'GqIEezYVDBW4/yxP', 'biGWVj9YVGSGxElwKaGnsA==', 'admin', 1, '2025-11-21', 'Active', '2025-11-20 11:20:13', '2025-12-09 17:30:34', 0),
(9, NULL, 'Benetiz_A', '$2y$10$7EzcfeVMnq7CjbkDU0/3G.Ot4ylMtifZ/GM7gXfkeDRSrBAAtZVPe', 'Benetiz', '', 'Aaron', 'Male', '++uCZISsBX3MNA==', 'WAKcRG+qo1Tfccqr', 'w7FPkjIVsoo9/6zjBu1nOg==', '18102727@usc.edu.ph', 'RXNk/LoWKpbN4w==', 'h8Bg22zwsSqMlXd5', 'Wyp+FWsmm3MHe+5agA7hVQ==', 'f5jGFyvjmaNg6piG6Op3jcoyqUEr', '9fCRtqSRZI9cx0d7', '9SZI1F9/H+c73nrZutsyzQ==', 'admin', 4, '2025-11-21', 'Active', '2025-11-20 11:23:11', NULL, 0),
(10, NULL, 'Narciso_A', '$2y$10$BS6Ia9L2r7bvFYENocT1TuCGLW1sHWk4NZHNjE3QUiDo7q0X9sbra', 'Narciso', '', 'Angel', 'Female', 'WYY7zpBvUtVpog==', 'cPgPoHeLBrcTYWNG', '60B8gS78N231wsgcgskkUw==', '18102727@usc.edu.ph', 'hLGthgQF1CbMKg==', 'Za1wjW6BRDZp0X/O', 'MA/eRlOINePH7yIKmTY6gg==', 'LToBiPzyPnyFok6MUgG2k9FGhc138g==', '+XUjckIyj33tiU5p', 'h+33wC9t7jgaLdszUBlqxQ==', 'admin', 3, '2025-11-21', 'Active', '2025-11-20 11:25:41', NULL, 0),
(11, NULL, 'Marcelo_R', '$2y$10$SrXzvZ2.2W3F4ooriduFHuCa0xjS28HV7F7NA1O8xbPiu9ewoYLfq', 'Marcelo', '', 'Riley', 'Female', 'yFoSOEuqlpr1+w==', 'geFTPDmws5uVGhQw', 'mKMKcxlD1bh2mGXiV3tO4Q==', '18102727@usc.edu.ph', 'kSo6ZNzyyu2BwA==', 'a+zjtSDJbiFQD0JQ', 'EzxAPii2TsJ3j2xEMc+nXg==', 'SRp61TbqJ9mXtLptMVmXqtwRZfdQoi/8', 'IRRuKAaRve8lmeMR', 'DFyQJHAyXaXWa693gjcmdg==', 'admin', 2, '2025-11-21', 'Active', '2025-11-20 11:35:30', NULL, 0),
(12, NULL, 'Castillo_A3', '$2y$10$glwI4cvfn67yt858U0XAlemZ744ji0PZVn2S8p68c7xNsWBmE.8C2', 'Castillo', '', 'Athena', 'Female', 't/QAioZmH+m6bQ==', '+Hm2XAC29jHjhfZx', 'MmRzKIz7s9ScaeoQaDKd/g==', '18100807@usc.edu.ph', 'hcXs7F8piBTu0g==', 'jJU+36E1NFsw37ew', 'FemV2mGOiH6CHCI3EQqFpA==', NULL, NULL, NULL, 'patient', 1, NULL, 'Active', '2025-11-20 14:35:52', '2025-12-04 09:10:50', 0),
(13, NULL, 'Iway_E', '$2y$10$XPpE.CmrHLzsb2FOllR1zeqhy9fCfk0wzPr4mXPI04xKJaC1qkOb.', 'Iway', '', 'Eloise', 'Female', '08M8TEFRPQfPfA==', 'PkACFZ3rEqQ275cZ', '/56SrkYSpIRCOwrDBZOUGQ==', 'lizbetheastwood@gmail.com', '8BCXtJSAJGXbog==', '2/wJGe6+nWrf2Hib', 'H9cEm8Q6ajPk5m8voSoWXA==', 'jx7SqFmQ0TxO1E8bUOkjfWFRMZCyR4I=', '+HNEhlmNTbQZbslF', '4hXaKBIOlzKSwhENgqsoNQ==', 'patient', 1, NULL, 'Active', '2025-11-20 15:10:33', '2025-11-21 05:35:23', 0),
(14, NULL, 'PAT_Y', '$2y$10$SjFarcchEzBVS144rkEYze8GVi.XOKm3xN3R1YU7vrYEBkm4TUtOy', 'PAT', 'RTAVERO', 'YEAH', 'Female', 'lz1ENqTUfzJs1Q==', 'LGK1FvvE49MK56vF', 'LrD4w0CyJwchgmzYIyVWfg==', 'annapotot27@gmail.com', 'g5GC7ICl0AUlSQ==', 'dsvktXn1vFCTf3Fs', 'DoXTO6bUZbCbq70jN9UkGA==', NULL, NULL, NULL, 'patient', 1, NULL, 'Active', '2025-11-20 16:51:46', NULL, 0),
(15, NULL, 'Summers_D', '$2y$10$d9PZS1r/4yhsFdsLcmBdVexf4KR/SKoLtBQNVSaKc26UlCVeNkibm', 'Summers', '', 'Dazey', 'Female', 'wESYnW5+GItr3Q==', 'm1Fv28agWgxfNVcs', 'QyuX5snhAW4gdjxsegmo3A==', 'dazeyyuh@gmail.com', 'LRQsKMTgym5E7g==', 'rmlt7kQRybkK3D7J', 'DoJZhH+2GR0Ul8XCORUtAQ==', NULL, NULL, NULL, 'patient', 3, NULL, 'Active', '2025-11-20 17:08:28', NULL, 0),
(16, NULL, 'Summers_D1', '$2y$10$HomQVF321N8qYw6dHDCnNOnoIll.nhuYwJZzPoFgZgLA.R.UaWvuK', 'Summers', '', 'Dazey', 'Female', 'XHgFVLLnOBreRA==', '+JcIO85FD4Rm8qHD', 'Y9u+NkR/p8EZUWOi6PES1w==', 'dazeyyuh@gmail.com', 'H0/aHHYnfQwhMQ==', 'TDBocMfSK4Z628c4', 't/0PKCSzSGwEimpF6uiReQ==', NULL, NULL, NULL, 'patient', 3, NULL, 'Active', '2025-11-20 17:08:30', NULL, 0),
(17, NULL, 'Doe_J', '$2y$10$ldxQnbuSGM4JUenB0T58B.lZFrnSQMD9QNjKeK3peoILifGNTd7h.', 'Doe', '', 'Jane', 'Female', 'amfETNkDGekewQ==', 'begSNFHAbLDBe8GB', 'bUm3uN9yGRB78FF3lpoHdg==', 'lizbetheastwood@gmail.com', 'rk6pIZaVPOJJbA==', '18I8Ac1Xp9z1ltRW', '5jtvKA6beos3WIV8KwGBXQ==', '9veUhYjP+qQa5TdYxYOFR8Q2oyc/', 'Ta4SaYv9fv0zCxnz', 'mtd6GK9z9+EpYIVEQuOHqQ==', 'admin', 1, '2025-11-24', 'Active', '2025-11-20 19:26:42', '2025-11-21 06:05:09', 0),
(18, NULL, 'amores_J', '$2y$10$Ox9NA3eVyFEP4MT32MkKle6dRA0EVfiqVncurfWplFwkBSxHEZQyC', 'amores', '', 'jessa', 'Male', 'ST6f1g9RlKhYwA==', 'krkcE82JzsJWA7JR', 'NriJWJKlt7YJdFnDgpj2mQ==', 'josephparchaso@gmail.com', 'nM6fTtdEo8KFbg==', 'tN8Yj6R0Lx67uEGz', '3b7tNTlKrz6wG3tDyjrGfA==', NULL, NULL, NULL, 'patient', 1, NULL, 'Active', '2025-11-21 00:25:29', NULL, 0),
(19, NULL, 'Collado_J', '$2y$10$yipof7eg/j7BBnY0yVdBEOap4wVaw4J7ChFti0kmqyqZ5bLAlvq9u', 'Collado', '', 'Justin', 'Male', 'zlk0TP2uKqETpQ==', 'sJkjrYNdUDUXrKpg', 'MJbiANmzS1GgBGAevVLXWA==', 'josephparchaso@gmail.com', '0wBjc5cAbmNvVQ==', 'OHj8ET/9KHSud8tk', 'lQS4bX1SDq9H1AJGKnpcIA==', '+5v0v0q0', '9uF6mqWjohQUJRLY', 'F4VXtbPo4AL86h2zJ/iMXQ==', 'admin', 5, '2025-11-24', 'Active', '2025-11-21 00:59:56', NULL, 0),
(20, NULL, 'Tan_P', '$2y$10$rqXovn3nb90w73Oe95LZWuTrjerFPTnpaPa839Q58.ud2vLNq7XrO', 'Tan', '', 'Phillipe', 'Male', '1+T50xXiuj+FNA==', '4LAMVLFwZOD+XigP', 'xtX5ulf/dlzA5uhrUbBVTw==', 'josephparchaso@gmail.com', 'FvV0jzq7Iz8Qfg==', 'dDMEh6ulIajv0HB5', 'DSIjkc8I2VAspFYBxNGeew==', NULL, NULL, NULL, 'patient', 3, NULL, 'Active', '2025-11-21 01:44:39', NULL, 0),
(21, NULL, 'Potot_R1', '$2y$10$PXrlP81se5DF6Skyimmxzewg0o74UZA9eTVVblR.5BmU0N9AakE3i', 'Potot', '', 'Rix', 'Female', 'X5ZjghFVzldb5Q==', 'CEy64MvNNo4mA7Rr', '0ggGouYZdf1ivHbyebgOIg==', '18102727@usc.edu.ph', '79O+SfHlE2QG6A==', 'W4PWH9aUBpoH2Iz0', 'kgH5U24/GS9NbGfeLbo9Yg==', NULL, NULL, NULL, 'patient', 1, NULL, 'Active', '2025-11-21 02:31:38', '2025-11-21 10:34:16', 0),
(22, NULL, 'Parchaso_J', '$2y$10$9e/zpInP/J4d4Qmb6ucYOOQuvrSemt3BZYbrGJxNQ9RGWDTtRFU06', 'Parchaso', '', 'Jhoo', 'Female', 'OYxikR57Y8/FrQ==', 'E+CqJM35tj8tsfVA', '0J0afTaMMPxhsTW6hfnr2A==', 'parchasoresidence@gmail.com', 'gFwlXdqQgj8EyA==', 'SmCms86Pzxamhqoh', 'Z0kDbWNDCIK3QBO/0oByHw==', 'bf04I/2RKFVX8BKvZ0M=', 'syiiw872OEG8a9gN', '2QDTAx2hwP/G72qhpcwV1w==', 'admin', 1, '2025-11-22', 'Active', '2025-11-21 07:51:41', NULL, 0),
(23, NULL, 'Castillo_J', '$2y$10$mphA2ewvgkYzV8HLLkNkau1VLUckIQ.q8tpnf2iljYBCRLR1dxoWK', 'Castillo', '', 'Jane', 'Female', 'VTSCQ4owxvsOtg==', 'fpd6NvGRSuoVlIjg', '1Fl0DnB1PEN8eBqroP08Kg==', 'jingkayl@yahoo.com', 'mLFdYIIr4jvi9w==', 'xbaS3LH/6UgxHiIh', 'gxN58MwsdOuGfBIDLCtNmg==', 'yI6IDqQmpZrXek/oj0begrbWOQq262Rj', 'EiKoAEMalUmwOtQC', 'MH+PJNt1FAbcDxBhGebbXw==', 'admin', 1, '2025-11-22', 'Active', '2025-11-21 15:54:16', NULL, 0),
(24, NULL, 'Panimdim_C', '$2y$10$ZwaU/rsZGdO9KUUSzBIcc.CKyOBFRqGq1ct15B4.C4iZubjSkZDLq', 'Panimdim', '', 'Coleen', 'Female', 'B81jMOk2iAgRmQ==', 'Vp0W4Fnjpirr2B7P', 'csGZet47RQcI0vLINhj4tQ==', 'panimdimcoleen106@gmail.com', 'NuYlAWpWe23R7A==', 'yJpSUZ4UvOjkvbhw', '+fwrHdExiM4IaL+tXyVKJw==', 'GgN2Ga9isudEWRJc', 'bizbzPqNaLTYNNBc', 'NEq8h//O8Lm2SADYytEU+Q==', 'patient', 1, NULL, 'Active', '2025-11-21 17:03:01', '2025-11-22 11:48:07', 0),
(25, NULL, 'Fano_L', '$2y$10$nOEf8feC3C9hi40nRrasMeJ92fPr42Pw1sQ0DwT/JsXw2jVOI3Cry', 'Fano', '', 'Ley', 'Male', 'c4UyVujfSuLRmg==', 's5XYywcpMFdSKqSY', 'g/7f90z9dN9477fMd+Kh+A==', 'josephparchaso@gmail.com', 'FkhAeU3WetkA0g==', 'KZZh2ONOVVufSoWg', 'JTbNntMLYL1fGj4eR6CXMg==', NULL, NULL, NULL, 'patient', 1, NULL, 'Active', '2025-11-21 19:20:44', '2025-11-24 09:01:42', 0),
(26, NULL, 'Fano_L1', '$2y$10$BIzKUH5J2UGsluz7NAWeZ.hc8xYKYVstyA/pujdYS/Pim38ZLFUcO', 'Fano', '', 'Ley', 'Male', 'bPL3m0qr+K3s3g==', 'xcNarQdWbCQyqvur', 'npL0C67TsU/gIJTlKlR0NQ==', 'josephparchaso@gmail.com', 'IaydOtYgfz6Ong==', 'bOQiiWW55WCj6Yfy', 'tdRshj5mz7BXp2v0b2Ak6Q==', NULL, NULL, NULL, 'patient', 1, NULL, 'Active', '2025-11-21 19:20:48', NULL, 0),
(27, NULL, 'Fano_L2', '$2y$10$3nAGbvOzRuGShjNMFlLesu20rJeCuX/tjqtETBnc.F68C9NgPnpDy', 'Fano', '', 'Ley', 'Male', 'xe90UirI4ImUtA==', '6k+6jlYXDI0cv4b0', 'jiX1VqdskQT+2cqHZsvbSQ==', 'josephparchaso@gmail.com', 'utPNGQKgQGCFkw==', 'cwhEcPNo3nuLIDnk', 'X5FAaTaF2N8lKzT5XTCErg==', NULL, NULL, NULL, 'patient', 1, NULL, 'Active', '2025-11-21 19:20:51', NULL, 0),
(28, NULL, 'Fano_L3', '$2y$10$UF46zWvqFc8f5vVW//5qjOk2u5EVAJtqBCHxxII7.u5Eio6/3au6S', 'Fano', '', 'Ley', 'Male', 'E1JClKD7w/cdGg==', 'RChDabqzK68EaEYb', 'gHFEPW1A/UmHIn6rVxcIJA==', 'josephparchaso@gmail.com', 'R8uqoLInr2siCw==', '/xPwc0b9vg+vEhzs', 'DrL3W3yRz3MWmdJXLH7vyQ==', NULL, NULL, NULL, 'patient', 1, NULL, 'Active', '2025-11-21 19:20:55', NULL, 0),
(29, NULL, 'Fano_L4', '$2y$10$8j/enXC.FKUJikppsJvIw.oxo2CBdFlsNsTkA038EqLtuDX/OSUVy', 'Fano', '', 'Ley', 'Male', 'vXHIXBD5CPlWCQ==', '5t2ewHtVEzB+xP/w', 'JqiyU8GhzJj8nb9Kclhc9g==', 'josephparchaso@gmail.com', 'tes+PlXZY5FK0Q==', '8zpAMXLyATiYxYaI', 'hRUsMFfSOb9gDRWuWphNqQ==', NULL, NULL, NULL, 'patient', 1, NULL, 'Active', '2025-11-21 19:20:58', NULL, 0),
(30, NULL, 'Fano_L5', '$2y$10$Um.UDQM1vhP4B5LQnejF5uPMXG1tKubbD.KXSNsBOkl.Mx0dnDrM.', 'Fano', '', 'Ley', 'Male', 'CXHeulxmhTWMIQ==', '5e9D8yFNAex+luS+', '57o6hp2joHaf4HH2NBg7gg==', 'josephparchaso@gmail.com', 'xmlSt64pE7IoDQ==', 'pntutWM8eJvxJR+y', 'h2w3VVvlZz+CrbGC2XepvQ==', NULL, NULL, NULL, 'patient', 1, NULL, 'Active', '2025-11-21 19:21:01', NULL, 0),
(31, NULL, 'Brain_R', '$2y$10$h2lOhRLQsldNMSxsozp1OueYhOEy0mGmjLYyLmt39FA2TFKe9OmQm', 'Brain', '', 'Ricky', 'Male', 'I3egD4G7WZt3bg==', '5Hsx8PTcPuRLJiTV', 'PShdYAmFrFNmVMAYcXafKQ==', '18100807@usc.edu.ph', 'Ts5xO1/xXLBJuw==', 'ipXbYi+WIaka+l8P', '0NyvdpV1HiR/g2Wn1wpMIA==', NULL, NULL, NULL, 'patient', 1, NULL, 'Active', '2025-11-21 19:26:07', NULL, 0),
(32, NULL, 'Chico_L', '$2y$10$jXQyg1d.H/Ubx8cVd/QBzev7QfIUw.3LO.U6Ph53kt3nBrfxwqjUG', 'Chico', '', 'Laroa', 'Male', 'a10qi+Ku6nt0Fg==', 'M7Tlya0yx+UBhKsD', '4W0i3MYN/jPo/enL9gN5Jg==', 'josephparchaso@gmail.com', 'HryE1vJkHwPJfg==', 'a+WKHcwdCz4jN15/', 'iYQoIpM2Nf+4TEf1UWJyjA==', '91y+mf5n', 'pSoRhYJ9yJL25Cxd', 'E1TAT0XrIZOYrQzfjlvyPg==', 'admin', 1, '2025-11-24', 'Inactive', '2025-11-21 20:04:36', NULL, 0),
(33, NULL, 'bumanlag_G', '$2y$10$6svVvlRkv5OKkSdRW0BzyevcqQNNo7GIywGIRUB6Ep61ZxLbfFcoK', 'bumanlag', '', 'gab', 'Male', 'WvjIYf3h6PdSIQ==', 'qb4Mm/ue4d/vzOMh', 'ceJTNdjec7g3EvhtLgU7mQ==', 'josephparchaso@gmail.com', '5UeCnzOOKhY6nA==', '74QvyrTJ736O7NcQ', 'k9p4RnYl2lPIjaXOu6ZPaw==', 'RsFCxXJu', '9OdL3Tibm03Saujy', 'C+bycRQy6z+LTDGwa/Th+Q==', 'admin', 5, '2025-11-25', 'Inactive', '2025-11-22 01:13:05', '2025-11-22 09:13:37', 1),
(34, NULL, 'Schmitz_L', '$2y$10$bBSO8PDV7YAcXfHGF7.avO9ZvKrGtFpiamYOQqCGLSVxcUbTqP0Ze', 'Schmitz', '', 'Lara', 'Female', 'aSRm0bPQKMvc5A==', '1hr8qA6MicOHcMKe', '+0ykU8kYxFctFUa4Q4RRDw==', 'laraschmitzel@gmail.com', 'IbuE36LWWYG/xA==', '4SouFuvmTD9haesz', 'ClzP4b9/MposQ/xVqbEtTQ==', 'u+z9KagMXHWg', 'NgQTR0qvhFdp7h2p', '7U3lxRsNEQGN6di60NGT1w==', 'admin', 1, '2025-11-24', 'Active', '2025-11-22 02:37:54', '2025-11-22 10:37:54', 0),
(35, NULL, 'Imnida_C', '$2y$10$eq54VUcJ7Ovy4IGyvpEoy.u6mDQ3G9AWxrHPsQwpIYjYuZxMDUqzO', 'Imnida', '', 'Coyen', 'Female', 'W9GEnBWzaHGHeA==', 'oJTQPyDT5vZcbGKB', 'Z2GNJm/ssNBpiE41l/fwYA==', 'nochu728@gmail.com', 'RJHJ2/3VgZ+QiA==', 'BpFAdRa4ulQ5h+xn', '7JU9Cem3VYuZ5snxLuPvQg==', 'EP3hym1WLAefS3dLl0/zUxYfpA==', 'kfNLcdoI6RsRN60p', 'sIyu9b7crpVJMRrmyK1QPQ==', 'admin', 1, '2025-11-24', 'Active', '2025-11-22 03:23:15', '2025-11-22 12:03:34', 0),
(36, NULL, 'Panimdim_J', '$2y$10$VNoermueszkjSVPpqphBN.r8dY/Ed3q7u5ZFIYLvrBpcBAm.SshZK', 'Panimdim', 'Menguito', 'Junie Klein', 'Male', 'LxJxjgxSXYtjcA==', 'IC75kGE4xtmkUf/3', 'kRirkKC0xUOX96CzOG/FaA==', 'jio.panimdim@gmail.com', 'lfsgUz6Mlo8vGg==', 'BGhKpAmcAnWlwLOn', 'BRm/1LD1K+2X7IUxwRWbfQ==', NULL, NULL, NULL, 'patient', 5, NULL, 'Active', '2025-11-22 04:34:40', '2025-11-22 12:48:28', 0),
(37, NULL, 'Ulanday_P', '$2y$10$j3QkbX/XbHohXU8MtWs66O8IT4.NkcpqF1N9IS2rmzQKDUgcF5JLa', 'Ulanday', '', 'Precious', 'Female', 'CWz69SZRVHZ5MQ==', 'orLNG7M7qOI1V4vl', 'BGsZWwR/hBBSYkTX5SsF+g==', 'theartp1@gmail.com', '7pI+9i5EejM9qA==', 'W2M0tj3kl2h8fpHk', 'W3P8eFhttVVa4eAB7t/AwA==', NULL, NULL, NULL, 'patient', 1, NULL, 'Active', '2025-11-22 11:27:44', NULL, 0),
(38, NULL, 'jj_J', '$2y$10$qjg3F6bIIEbR0b7Z4q33e.nzFhhtRt61jRgVgF4Rqw1ueZRABPqPi', 'jj', '', 'jj', 'Male', '+u+EkryZSYUgOQ==', 'pzroc84PnSPUNwwF', 'xVLBGySvN0fPXYsZcpg07g==', 'jj@gmai.com', 'sV8Q+rZfkUX/wg==', 'XeHkcMcrXRqWG8Qa', 'C1JMLvl8juY9vElFvVg4BQ==', NULL, NULL, NULL, 'patient', 1, NULL, 'Active', '2025-11-22 18:30:24', '2025-11-24 06:13:59', 0),
(39, NULL, 'Achas_H', '$2y$10$mF/G9X/aRnUDHk4m7FVxBe270d81vaOqn.esuDzh4haQS/SQsDVc6', 'Achas', 'Pallasigue', 'Helen', 'Female', '+1A0rqToNXNZiw==', 'gN6kE1ipG89FOpUa', 'GdFfXE2jMLfM/o5rJXzrdg==', 'gabbyachas99@gmail.com', '66M7uCc/smLktQ==', 'YPGWLfABGViK5Ng/', 'WN/wb5LQ0nAMxqgLvW1fpQ==', NULL, NULL, NULL, 'patient', 4, NULL, 'Active', '2025-11-23 13:21:31', NULL, 0),
(40, NULL, 'Bhebo_S', '$2y$10$e602suykjB34TYN7gjFqFeO6Uh.R72V0zYbulOikPLWj0SLrCtOAi', 'Bhebo', 'Para', 'Sekrito', 'Female', 'Uwvz/aCq23Rk4Q==', 'DXkCR087kILSXoha', 'SnEIeIvXPN2j7AGa2KxXLw==', 'rawr3639@gmail.com', 'ww9xTx3u0ycHIA==', 'cMVaSLeCntW8EkLv', 'yNP9BJwCSEZ1K2gkeWw9KQ==', NULL, NULL, NULL, 'patient', 4, NULL, 'Active', '2025-11-23 13:35:42', NULL, 0),
(41, NULL, 'Aniban_M', '$2y$10$rUtU3d2AJId5imhWp34D/eolQb1YdT2YaHuNzkZtubZ6ynWHEOkZy', 'Aniban', 'Burgos', 'Mypher', 'Male', 'URVE0UVfJ/JbVA==', 'axfddh6yEuMNVhZr', '1EJUClavhY8CMUFVDPMksw==', 'forprintscan@gmail.com', 'xxm6V6Mv5TljLA==', 'tLLvsJfaJGEijIES', 'DCkrLL9LA0SIGTJjxln6eg==', NULL, NULL, NULL, 'patient', 4, NULL, 'Active', '2025-11-23 17:18:00', NULL, 0),
(42, NULL, 'Patalinghug_R', '$2y$10$Iw/icRyBLNLTGVfob9gTFON54KXHtMgFkwo3pe85EX14odx/47Zv2', 'Patalinghug', 'Emanuel', 'Ray', 'Male', 'zrWlxr7PuOu1GA==', 'xRoeJHKtXzHSR2Mk', 'nDKVRKbE2oFE280+wlxwPA==', '07200335@usc.edu.ph', 'chW6HiAe2d3/eA==', 'yhXOm1pgNS/8V+bu', 'GpOG9NjfAZNQik+xSqMAfw==', NULL, NULL, NULL, 'patient', 3, NULL, 'Active', '2025-11-23 19:22:54', NULL, 0),
(43, NULL, 'Spring_C', '$2y$10$z472V2Wt//A49maEGYP4WuB1u/psVf8M/2PqGMatwypdnz2wW8zFO', 'Spring', 'Hates', 'Casper', 'Male', 'LIO4U+JOzjA+2g==', 'q7ZqZqUI+1sxGQWg', 'ruRglvx2APjnWVz9/e0TNA==', 'avatar.pio00@gmail.com', '+0RIv+69nbRBOw==', 'k2ey902bFlCU0yHB', 'oCSxnu0dJ+f/gZZUUd58Xw==', NULL, NULL, NULL, 'patient', 5, NULL, 'Active', '2025-11-23 20:14:57', NULL, 0),
(44, NULL, 'Parchaso_J1', '$2y$10$Nts2SHBIxRUv88vzIDzxYu6WR2KrM.cGrVanWNfj2FnWEyj4zE1qC', 'Parchaso', '', 'JJ', 'Male', 'ABSyzlCzH5cgaQ==', 'kYCywyinLqw2lkjN', 'DF38DSLpruyiAa2000J+gA==', 'josephparchaso@gmail.com', 'MFkHVZanH+8/Hw==', '+MJxygreQLqvXdGf', 'BzQlCHALpijqUTZk5wvxeA==', NULL, NULL, NULL, 'patient', 1, NULL, 'Active', '2025-11-23 22:51:02', NULL, 0),
(45, NULL, 'parchaso_J', '$2y$10$fwLYKH29K8NhZT4kNkGvYuNf6yFjYmsF780ahs/ifKEERpdtrpgIO', 'parchaso', '', 'jj', 'Male', 'mZ6m208SuJBi9Q==', 'YvOkySWPaWtphxxI', 'uxEqTymblat88v2Eqt1Dpw==', 'josephparchaso@gmail.com', 'X4UIHo8foRUMCQ==', '4GVYjRBH7/6NVUkO', '9cszFwHG9g6oGbrCj6ifNg==', NULL, NULL, NULL, 'patient', 1, NULL, 'Active', '2025-11-23 23:00:06', '2025-11-24 07:23:25', 0),
(46, NULL, 'Talamisan_A', '$2y$10$X8mQEmC9n..VRuFZhQYvpu5QoRjwBCglrzXBZGzrlMi3z5q1bhmgK', 'Talamisan', 'Logador`', 'Aljon', 'Male', '/dtgsyz12bnQvw==', '2ZEIOiLMmQt6d6i6', '2R8F/DwBxS/T7F4JpRSw8w==', 'aljontalamisan1997@gmail.com', 'zBEcJgMGfqANxw==', 'ONdzHdBLB3+OFJbb', '6j6Xkij4sOXePTj7k51bTw==', NULL, NULL, NULL, 'patient', 3, NULL, 'Active', '2025-11-24 00:03:31', NULL, 0),
(47, NULL, 'Parchasonew_N', '$2y$10$3nmEhvwLtEInzwzSCUbQbuU3rQQ4xtwoRU.54sWfthO6a1cRA3Evu', 'Parchasonew', '', 'new', 'Male', '4pigeV0lEcUZyA==', 'tsdgglUhSiEAOTHJ', 'riblt3bdebUQKv5JCHY9SQ==', 'josephparchaso@gmail.com', 'dhMLBQablkLsmw==', 'yCNp+nhrZpFnXL3y', 'ow/THb92puHMd0PD40F+yA==', NULL, NULL, NULL, 'patient', 1, NULL, 'Active', '2025-11-24 00:17:37', '2025-11-24 08:45:09', 0),
(48, NULL, 'Uy_R', '$2y$10$iZd2MLgdq9mnncP7pq83KeztejRqkTauK7awb3gh21mrcBAZ6w.u6', 'Uy', '', 'Rielle', 'Female', 'mH7RrpqCTStGUg==', 'oyrR369psP94FS+C', 'aJMTBQ3ytmKAs/szhN5AxA==', 'rielleuy@gmail.com', 'Le709q9JvJAOjA==', 'W9l2CURvuVJU3y4V', 'Q+Zj9Ig/c6Zy6taJX4/hvQ==', NULL, NULL, NULL, 'patient', 3, NULL, 'Active', '2025-11-24 00:20:27', NULL, 0),
(49, NULL, 'balong _L', '$2y$10$p2VffRv2dDJoG/ZqwabnxO7.fV5/GvzWhw8U95M0mftG7sh/MUY9a', 'balong ', '', 'long', 'Male', 'uPT8OmxXJ4fLeg==', 'RpHSyO9wlz3FfyvO', 'pwkvs4rKLnGJSUio+MaRrQ==', '18102727@usc.edu.ph', 'sDnTVbFoISZgVQ==', 'A0cLpFq/k9JJx0J1', '2sycrgak3P2soKWaGPs35Q==', NULL, NULL, NULL, 'patient', 1, NULL, 'Active', '2025-11-24 01:41:10', '2025-11-24 09:41:10', 0),
(53, NULL, 'sisid_S', '$2y$10$rXowzyaeM3ZwzKpl56We0Oi/7K25S5SD2KTa4CQpwlQ/af3FwR4NK', 'sisid', '', 'sisid', 'Male', 'BlUS3k5kv48Eqg==', 'NfmtQdtJj64G2ffq', 'waYYUjJP4hO+U+EpvrRTSQ==', 'josephparchaso@gmail.com', 'afFaRsTYDB/huA==', 'r3azi7dx5C5L0Zuz', 'jGNJJPRxZKf6iLdup0yNmw==', NULL, NULL, NULL, 'patient', 1, NULL, 'Active', '2025-11-24 01:49:31', '2025-11-24 09:55:28', 0),
(54, NULL, 'live _S', '$2y$10$1VPXhBSLU4Ie34IMlP7uSuV7V9sM8xwWMGQKvDx9p/ep2ia18z.6a', 'live ', '', 'sample', 'Male', 'qBz/WaVhqHUn7w==', '1CdCRYewNl0qyGFk', 'ZjueFBO8l8HVYJZ1yqrmnw==', 'josephparchaso@gmail.com', 'VVk/mPh3Pd0cvA==', 'g/dky6eESp3N+ywo', 'Rd2rO6uAo8Hz6hvn2w1fNA==', NULL, NULL, NULL, 'patient', 3, NULL, 'Active', '2025-11-24 01:58:00', '2025-11-24 10:08:52', 0),
(55, NULL, 'Sarzuelo_R', '$2y$10$q21nxvWN6RqUYqg60mWgpumal0SZtl6ixtTEsxUOvRB5R4d/oVjOW', 'Sarzuelo', 'Cane', 'Rex', 'Male', '+wWenrotJPl23A==', 'VtklY6wlndg0ohs3', 'vp49JuS18XBNpTYtrs80NQ==', 'chloesarzuelo@gmail.com', 'xS47RjPvIumBuw==', 'Kx86OGAaBx90s0MG', '2+moQBZN8cvcug4T//qcyw==', NULL, NULL, NULL, 'patient', 3, NULL, 'Active', '2025-11-24 02:30:09', '2025-11-24 10:30:09', 0),
(56, NULL, 'Achas_J', '$2y$10$P6tpUPCrxkgVTIXu1kj.num/cltWt/qjPlIxb6ybrwUKxlF1fNI2y', 'Achas', 'Pallasigue', 'Joshua', 'Male', 'nj/jpnsoabIggA==', '+WLs2hjQM5y0KfLB', 'Ocj9R1IKihVdeZ7EsLTL5w==', 'gabbyachas99@gmail.com', 'Dh+5zCKcYdc2dQ==', 'hUAwhIBPOLW7gRfM', 'PDDaAwUKS6LUJt1ObnwKbw==', NULL, NULL, NULL, 'patient', 4, NULL, 'Active', '2025-11-24 22:34:23', '2025-12-05 02:06:21', 0),
(57, NULL, 'Jos_A', '$2y$10$eV7f0LFIKanUu.G0Oa.Pq.78ZJxmV2.XX9rFn3170bTrdhtlmIgOO', 'Jos', 'Pallasigeu', 'Achas', 'Male', 'i+sM+3h/QwZUTA==', 'uycF5V67wuryfotH', 'VWNGIkqP4fi9oexmRb7Srg==', '18105953@usc.edu.ph', 'An0u+298MlG8qg==', 'B8C+HhRSjjDXkyLn', 'w/EZtzQrFmvcLGhqpCMeng==', NULL, NULL, NULL, 'patient', 3, NULL, 'Active', '2025-11-27 06:03:23', '2025-11-27 14:03:23', 0),
(58, NULL, 'Parchaso_J2', '$2y$10$DhIzLj6.sSIu.csvGnoE/eXljZWMnp.dMzLyh4OIY.tinteZLrCo2', 'Parchaso', 'Espana', 'Jhon Joseph', 'Male', 'qdU3JlA6H7wueA==', 'Fu+SmM3VE/+PNjWX', '4TAmkghXkkdgTglXAkdw1w==', 'josephparchaso@gmail.com', 'd/r1SCCp0Np46w==', '307KsKNkBzy6z2Ww', 'lK38Stk0pWf8xIyBo1UIlw==', NULL, NULL, NULL, 'patient', 1, NULL, 'Active', '2025-12-02 18:16:09', '2025-12-04 01:53:38', 0),
(61, NULL, 'Parchaso_L', '$2y$10$zuY4.yR/Zzzh/89ztfmGl.RNH9KwzR5.2p92I4UTocQfXNK890fiC', 'Parchaso', 'Espana', 'Lilian', 'Female', 'kf1LSkxThC24BQ==', 'SKzeONauuBzspGpf', 'QhAqET86N+0JuSiW6CPhUQ==', 'josephparchaso@gmail.com', 'Z/zRbBTBj8zJuQ==', '9fAyvypxnW5Jfo9e', 'RTk1RWjWtXzC4s/McPNpsw==', NULL, NULL, NULL, 'patient', 1, NULL, 'Active', '2025-12-02 18:49:02', '2025-12-04 08:44:58', 0),
(62, 61, NULL, NULL, 'Parchaso', NULL, 'JJ', 'Male', 'lEgA+avW75BnAg==', 'LT7e8BdBLvIwyQrv', 'y2PPigCcPjNj+DF+3yH2ag==', NULL, NULL, NULL, NULL, NULL, NULL, NULL, 'patient', 1, NULL, 'Active', '2025-12-02 18:49:02', '2025-12-04 07:34:06', 0),
(63, 61, NULL, NULL, 'Parchaso', NULL, 'Jhoo', 'Female', 'v1NuLTMatOTXVA==', 'lBH0U1ubiLhO2aeW', 'YtYEHeUf8WZ5Sfg6J1wBoA==', NULL, NULL, NULL, NULL, NULL, NULL, NULL, 'patient', 1, NULL, 'Active', '2025-12-03 19:20:31', '2025-12-04 07:34:06', 0),
(64, 61, NULL, NULL, 'Parchaso', NULL, 'Harlene', 'Female', 'ZH2TGYKfDvRp5A==', 'LEmR49jasMACgFca', 'GdTPbET/JJ7UtR56AzEuzw==', NULL, NULL, NULL, NULL, NULL, NULL, NULL, 'patient', 1, NULL, 'Active', '2025-12-03 22:11:35', '2025-12-04 07:34:06', 0),
(65, NULL, 'Parchaso_H', '$2y$10$.KWnHmfU3Pmxmp4KLOmPVuC/jOdAnB20jtsDbjlqcAltBV/XMScci', 'Parchaso', '', 'Honors', 'Male', '0YYnpkeo472Gqg==', 'dr2tOoOcmkQSFFb1', '2CECwlu/GI7EFBETHydfJQ==', 'josephparchaso@gmail.com', 'P2CkuDoVUHGxlQ==', 'GZAdCp/bj7leuSNQ', '/fq3TCh0OnXB5EzlkhaAZw==', NULL, NULL, NULL, 'patient', 1, NULL, 'Active', '2025-12-03 23:05:29', '2025-12-04 07:05:29', 0),
(66, NULL, 'Potot_R2', '$2y$10$VGLamn.P0HEvXa36DOPa0ug89hLgdGYDBCp8KuN5SKULto7Draixe', 'Potot', '', 'Richard', 'Male', 'oFOFwMYRjPkikQ==', 'zHGVzWK2nYx7qPKB', 'Nzf9unYuVrXbmjtpwKZSag==', 'josephparchaso@gmail.com', 'STQ24D6Inz3UKw==', 'SBe6SwbAHo6z8AL2', 'TRzhs1BK4gF5JOEealZ/Iw==', NULL, NULL, NULL, 'patient', 1, NULL, 'Active', '2025-12-03 23:08:36', '2025-12-04 07:08:36', 0),
(67, NULL, 'Potot_R3', '$2y$10$lGKzQdUndZOENZ0/fNsAH.K4nqOBYqvQffmB8cvtBkhIMDsOTWMQG', 'Potot', '', 'Richard', 'Male', 'Qh4oRhVqEnfcfg==', 'chi4sYsMD5te9dfU', 'nFNtTycFdYpMBsCuVjz/uw==', 'josephparchaso@gmail.com', '4FObh4K/5PrrEw==', 'DMTEpfvVekCZVnRx', 'mmLyT2mPvSh0wN2UNvGSFQ==', NULL, NULL, NULL, 'patient', 1, NULL, 'Active', '2025-12-03 23:12:41', '2025-12-04 07:12:41', 0),
(68, 67, NULL, NULL, 'Potot', NULL, 'Rix', 'Female', 'KHAy5Nqc7Xdovw==', '/Bdq8VJi7I55Zl0S', 'Feq68uuvQE9wjiQdnrQFWA==', NULL, NULL, NULL, NULL, NULL, NULL, NULL, 'patient', 1, NULL, 'Active', '2025-12-03 23:12:42', '2025-12-04 07:12:42', 0),
(69, NULL, 'asda_A', '$2y$10$cPXWCskhhE.DoH3MfbGDyussD5tuHA0UiKxSJT4096tIF84ByZYum', 'asda', 'asd', 'asd', 'Male', 'IhnPhUImjaVhvg==', 'YpfcvkvCzHiK5t0T', 'xOHLppkXsL5VWAKeU1J/eQ==', 'josephparchaso@gmail.com', 'az/FiGoXLjQo7w==', 'fIPRE/ngtB+2xRym', 'h9fRFQsWJR22cKwvVGWqLA==', NULL, NULL, NULL, 'patient', 1, NULL, 'Active', '2025-12-03 23:20:45', '2025-12-04 07:20:45', 0),
(70, 69, NULL, NULL, 'asad', NULL, 'asd', 'Male', 'e1Av1oqGtSw5qw==', 'aXxmInRXF70+K3gE', '75q96ax9rp4iHZhvAEsjTw==', NULL, NULL, NULL, NULL, NULL, NULL, NULL, 'patient', 1, NULL, 'Active', '2025-12-03 23:20:45', '2025-12-04 07:20:45', 0),
(71, 61, NULL, NULL, 'parchaso', NULL, 'wix', 'Female', '2000-04-05', NULL, NULL, NULL, NULL, NULL, NULL, NULL, NULL, NULL, 'patient', NULL, NULL, 'Active', '2025-12-04 00:49:44', '2025-12-04 08:55:10', 0),
(72, 61, NULL, NULL, 'parchaso', NULL, 'wixielie', 'Female', '+fo+2AIiAPdoQQ==', 'pPQ5GI7DL4AztKcN', 'iTc/OU/T6ZUO/Xls1a4n0A==', NULL, NULL, NULL, NULL, NULL, NULL, NULL, 'patient', NULL, NULL, 'Active', '2025-12-04 00:58:45', '2025-12-04 19:02:50', 0),
(73, 61, NULL, NULL, 'parchaso', NULL, 'wixielie', 'Female', '0kKi0QUR9IfD9g==', 'J7/8PRhC/li8MgsJ', 'TAYqmn9NAQ7P5HOw6aN3+Q==', NULL, NULL, NULL, NULL, NULL, NULL, NULL, 'patient', NULL, NULL, 'Active', '2025-12-04 00:58:46', '2025-12-04 08:58:46', 0),
(74, 61, NULL, NULL, 'Parchaso', NULL, 'Loyloy', 'Male', 'Vh6V40Fac8B1Pg==', 'rg40zYX/3bxEWRXB', 'arR0lkCJYaJhDewgztU1yw==', NULL, NULL, NULL, NULL, NULL, NULL, NULL, 'patient', 1, NULL, 'Active', '2025-12-04 11:05:11', '2025-12-04 19:05:11', 0),
(75, NULL, 'Achas_J1', '$2y$10$8y3Go6AFHIx/1HJ8N1hwB.ClT4zzGEVpjEb5WIPKa.8VxSP5iUPtu', 'Achas', 'Pallasigue', 'Joshua', 'Male', 'gCky/sTllk1YrQ==', 'ZzihGPZjcmETNFSj', 'Wdg2pfSnLi2vg1NRlzs0zA==', 'gabbyachas100@gmail.com', 't7NoZ9N73jGbNg==', 'lTdy2UgHcCFNnGCi', 'EhKZKClbU5Ags2RWM/SEHQ==', NULL, NULL, NULL, 'patient', 1, NULL, 'Active', '2025-12-04 17:44:03', '2025-12-05 01:44:03', 0),
(76, NULL, 'Parch_J', '$2y$10$6ARQ/tEn0wUxb69lrj1lSedjT5yTz8ZEY2jTdXSj3BFAaHH0/vnJm', 'Parch', '', 'JJ', 'Male', 'kMwVMBzFhfe71g==', 'suGttS5EnpN264xN', 'fCezSn1tKXrncoeSrMefcQ==', 'josephparchaso@gmail.com', 'xqVq0FNxruOH+w==', 'V9+0qx0VaNXFitTe', 'DaBvE2Sq8Fnc8WTVhiScUg==', 'rPbLsnu/', 'uVzztlrdIjzSjVRx', 'l3UaYJuPqttc4hC/ClPV+Q==', 'admin', 8, '2025-12-08', 'Active', '2025-12-06 12:42:23', '2025-12-06 20:45:01', 1),
(78, NULL, 'Doe_J1', '$2y$10$IaiBgE8w5q36FX6dfAnoF.8rA.W9n7oprpqFAO3hbXr4R6y7jC8l6', 'Doe', 'Smith', 'Jhon', 'Male', '/Wt3aS3dEwQ+SQ==', 'A83r7bYysK30kZ9v', 'tTcpXVTYC+ukcRr+QBr4xQ==', 'josephparchaso@gmail.com', 'WT9Noy9tHObF3Q==', 'm7sGVFinoGwpthv4', 'pahULmEdHxnc5XPRMTwoEQ==', NULL, NULL, NULL, 'patient', 1, NULL, 'Active', '2025-12-09 09:56:11', '2025-12-09 23:03:45', 0),
(79, NULL, 'Lipardo_M', '$2y$10$NFsbaB4u0RzHe3nVP4EiSOQiDm27WQfl1ZgkmtOsWJ1EYjfDlJUHK', 'Lipardo', '', 'Mommy', 'Female', 'ZQoDKEKvyMT1OA==', 'I+Ro7wQbQjpS1LcC', 'wE7r/+VtLgEmm8M2c+yWSA==', 'josephparchaso@gmail.com', 'o9UbnF6RA8gDkA==', 'luhLbkh+F/W5o6qQ', 'OKwRNCQ0yxI0UbOI7ez5Lw==', 'Fxyqw7pZcN9pcg==', 'Aecg5IsIHIWNd65p', 'YmSqMEEO77d2HPznIc5j1A==', 'patient', 1, NULL, 'Active', '2025-12-09 10:05:27', '2025-12-09 23:22:07', 0),
(80, 79, NULL, NULL, 'Lipardo', NULL, 'JC', 'Male', 'hRmPcg49DWHIrA==', 'hunN2PtC1epjT458', 'tKVJ4ZV5a5MIKp2lOCUjhA==', NULL, NULL, NULL, NULL, NULL, NULL, NULL, 'patient', 1, NULL, 'Active', '2025-12-09 10:05:27', '2025-12-09 18:05:27', 0),
(81, NULL, 'Fano_L6', '$2y$10$dhpIDYE.crcW/RNk4t/iwu7S9DilTuyUNvHR88OPwfJ53GIhSaYb6', 'Fano', '', 'Ley', 'Female', 'mMBiWoQfdYb/Ag==', 'p0puaxy3QHcFB+EB', 'OxCZcAK0GhTICDVtlV1oWg==', 'josephparchaso@gmail.com', 'Lwxm0QKFJ/LhoQ==', 'jUj56CAs0vM2nPCU', 'Vw5OS2Ns4qDXL/nTpXeM6Q==', NULL, NULL, NULL, 'patient', 1, NULL, 'Active', '2025-12-09 10:59:38', '2025-12-09 18:59:38', 0),
(82, 79, NULL, NULL, 'Lipardo', NULL, 'Juls', 'Male', 'PpQttQtAPY8cHQ==', 'cZb2zR1K8pph5hR1', 'IqAlv5vstqR8speWl1QPrQ==', NULL, NULL, NULL, NULL, NULL, NULL, NULL, 'patient', 1, NULL, 'Active', '2025-12-09 15:19:57', '2025-12-09 23:21:00', 0);

--
-- Indexes for dumped tables
--

--
-- Indexes for table `announcements`
--
ALTER TABLE `announcements`
  ADD PRIMARY KEY (`announcement_id`);

--
-- Indexes for table `appointment_services`
--
ALTER TABLE `appointment_services`
  ADD PRIMARY KEY (`appointment_services_id`),
  ADD KEY `appointment_transaction_id` (`appointment_transaction_id`),
  ADD KEY `service_id` (`service_id`);

--
-- Indexes for table `appointment_transaction`
--
ALTER TABLE `appointment_transaction`
  ADD PRIMARY KEY (`appointment_transaction_id`),
  ADD KEY `user_id` (`user_id`),
  ADD KEY `branch_id` (`branch_id`),
  ADD KEY `dentist_id` (`dentist_id`);

--
-- Indexes for table `branch`
--
ALTER TABLE `branch`
  ADD PRIMARY KEY (`branch_id`);

--
-- Indexes for table `branch_announcements`
--
ALTER TABLE `branch_announcements`
  ADD PRIMARY KEY (`id`),
  ADD UNIQUE KEY `announcement_id` (`announcement_id`,`branch_id`),
  ADD KEY `fk_branch_announcements_branch` (`branch_id`);

--
-- Indexes for table `branch_promo`
--
ALTER TABLE `branch_promo`
  ADD PRIMARY KEY (`branch_promo_id`),
  ADD KEY `promo_id` (`promo_id`),
  ADD KEY `branch_id` (`branch_id`);

--
-- Indexes for table `branch_service`
--
ALTER TABLE `branch_service`
  ADD PRIMARY KEY (`branch_services_id`),
  ADD KEY `fk_branch` (`branch_id`),
  ADD KEY `fk_service` (`service_id`);

--
-- Indexes for table `branch_supply`
--
ALTER TABLE `branch_supply`
  ADD PRIMARY KEY (`branch_supplies_id`),
  ADD KEY `supply_id` (`supply_id`),
  ADD KEY `branch_id` (`branch_id`);

--
-- Indexes for table `dental_prescription`
--
ALTER TABLE `dental_prescription`
  ADD PRIMARY KEY (`prescription_id`),
  ADD KEY `appointment_transaction_id` (`appointment_transaction_id`),
  ADD KEY `fk_prescription_admin` (`admin_user_id`);

--
-- Indexes for table `dental_tips`
--
ALTER TABLE `dental_tips`
  ADD PRIMARY KEY (`tip_id`);

--
-- Indexes for table `dental_transaction`
--
ALTER TABLE `dental_transaction`
  ADD PRIMARY KEY (`dental_transaction_id`),
  ADD KEY `appointment_transaction_id` (`appointment_transaction_id`),
  ADD KEY `dentist_id` (`dentist_id`),
  ADD KEY `fk_dental_transaction_promo` (`promo_id`),
  ADD KEY `fk_dental_transaction_admin` (`admin_user_id`);

--
-- Indexes for table `dental_transaction_services`
--
ALTER TABLE `dental_transaction_services`
  ADD PRIMARY KEY (`id`),
  ADD KEY `dental_transaction_id` (`dental_transaction_id`),
  ADD KEY `service_id` (`service_id`);

--
-- Indexes for table `dental_vital`
--
ALTER TABLE `dental_vital`
  ADD PRIMARY KEY (`vitals_id`),
  ADD KEY `appointment_transaction_id` (`appointment_transaction_id`),
  ADD KEY `fk_vital_admin` (`admin_user_id`);

--
-- Indexes for table `dentist`
--
ALTER TABLE `dentist`
  ADD PRIMARY KEY (`dentist_id`);

--
-- Indexes for table `dentist_branch`
--
ALTER TABLE `dentist_branch`
  ADD PRIMARY KEY (`dentist_branch_id`),
  ADD KEY `dentist_id` (`dentist_id`),
  ADD KEY `branch_id` (`branch_id`);

--
-- Indexes for table `dentist_schedule`
--
ALTER TABLE `dentist_schedule`
  ADD PRIMARY KEY (`schedule_id`),
  ADD KEY `dentist_id` (`dentist_id`),
  ADD KEY `branch_id` (`branch_id`);

--
-- Indexes for table `dentist_service`
--
ALTER TABLE `dentist_service`
  ADD PRIMARY KEY (`dentist_services_id`),
  ADD KEY `dentist_id` (`dentist_id`),
  ADD KEY `service_id` (`service_id`);

--
-- Indexes for table `notifications`
--
ALTER TABLE `notifications`
  ADD PRIMARY KEY (`notification_id`),
  ADD KEY `user_id` (`user_id`);

--
-- Indexes for table `promo`
--
ALTER TABLE `promo`
  ADD PRIMARY KEY (`promo_id`);

--
-- Indexes for table `qr_payment`
--
ALTER TABLE `qr_payment`
  ADD PRIMARY KEY (`id`);

--
-- Indexes for table `service`
--
ALTER TABLE `service`
  ADD PRIMARY KEY (`service_id`);

--
-- Indexes for table `service_supplies`
--
ALTER TABLE `service_supplies`
  ADD PRIMARY KEY (`id`),
  ADD KEY `fk_service_supplies_service` (`service_id`),
  ADD KEY `fk_service_supplies_supply` (`supply_id`),
  ADD KEY `fk_service_supplies_branch` (`branch_id`);

--
-- Indexes for table `supply`
--
ALTER TABLE `supply`
  ADD PRIMARY KEY (`supply_id`);

--
-- Indexes for table `users`
--
ALTER TABLE `users`
  ADD PRIMARY KEY (`user_id`),
  ADD UNIQUE KEY `index_username_unique` (`username`),
  ADD UNIQUE KEY `unique_owner` (`owner_flag`),
  ADD KEY `fk_users_branch` (`branch_id`),
  ADD KEY `fk_guardian_user` (`guardian_id`);

--
-- AUTO_INCREMENT for dumped tables
--

--
-- AUTO_INCREMENT for table `announcements`
--
ALTER TABLE `announcements`
  MODIFY `announcement_id` int(11) NOT NULL AUTO_INCREMENT, AUTO_INCREMENT=5;

--
-- AUTO_INCREMENT for table `appointment_services`
--
ALTER TABLE `appointment_services`
  MODIFY `appointment_services_id` int(11) NOT NULL AUTO_INCREMENT, AUTO_INCREMENT=157;

--
-- AUTO_INCREMENT for table `appointment_transaction`
--
ALTER TABLE `appointment_transaction`
  MODIFY `appointment_transaction_id` int(11) NOT NULL AUTO_INCREMENT, AUTO_INCREMENT=94;

--
-- AUTO_INCREMENT for table `branch`
--
ALTER TABLE `branch`
  MODIFY `branch_id` int(11) NOT NULL AUTO_INCREMENT, AUTO_INCREMENT=9;

--
-- AUTO_INCREMENT for table `branch_announcements`
--
ALTER TABLE `branch_announcements`
  MODIFY `id` int(11) NOT NULL AUTO_INCREMENT, AUTO_INCREMENT=5;

--
-- AUTO_INCREMENT for table `branch_promo`
--
ALTER TABLE `branch_promo`
  MODIFY `branch_promo_id` int(11) NOT NULL AUTO_INCREMENT, AUTO_INCREMENT=69;

--
-- AUTO_INCREMENT for table `branch_service`
--
ALTER TABLE `branch_service`
  MODIFY `branch_services_id` int(11) NOT NULL AUTO_INCREMENT, AUTO_INCREMENT=206;

--
-- AUTO_INCREMENT for table `branch_supply`
--
ALTER TABLE `branch_supply`
  MODIFY `branch_supplies_id` int(11) NOT NULL AUTO_INCREMENT, AUTO_INCREMENT=8;

--
-- AUTO_INCREMENT for table `dental_prescription`
--
ALTER TABLE `dental_prescription`
  MODIFY `prescription_id` int(11) NOT NULL AUTO_INCREMENT, AUTO_INCREMENT=20;

--
-- AUTO_INCREMENT for table `dental_tips`
--
ALTER TABLE `dental_tips`
  MODIFY `tip_id` int(11) NOT NULL AUTO_INCREMENT;

--
-- AUTO_INCREMENT for table `dental_transaction`
--
ALTER TABLE `dental_transaction`
  MODIFY `dental_transaction_id` int(11) NOT NULL AUTO_INCREMENT, AUTO_INCREMENT=27;

--
-- AUTO_INCREMENT for table `dental_transaction_services`
--
ALTER TABLE `dental_transaction_services`
  MODIFY `id` int(11) NOT NULL AUTO_INCREMENT, AUTO_INCREMENT=70;

--
-- AUTO_INCREMENT for table `dental_vital`
--
ALTER TABLE `dental_vital`
  MODIFY `vitals_id` int(11) NOT NULL AUTO_INCREMENT, AUTO_INCREMENT=26;

--
-- AUTO_INCREMENT for table `dentist`
--
ALTER TABLE `dentist`
  MODIFY `dentist_id` int(11) NOT NULL AUTO_INCREMENT, AUTO_INCREMENT=13;

--
-- AUTO_INCREMENT for table `dentist_branch`
--
ALTER TABLE `dentist_branch`
  MODIFY `dentist_branch_id` int(11) NOT NULL AUTO_INCREMENT, AUTO_INCREMENT=55;

--
-- AUTO_INCREMENT for table `dentist_schedule`
--
ALTER TABLE `dentist_schedule`
  MODIFY `schedule_id` int(11) NOT NULL AUTO_INCREMENT, AUTO_INCREMENT=201;

--
-- AUTO_INCREMENT for table `dentist_service`
--
ALTER TABLE `dentist_service`
  MODIFY `dentist_services_id` int(11) NOT NULL AUTO_INCREMENT, AUTO_INCREMENT=261;

--
-- AUTO_INCREMENT for table `notifications`
--
ALTER TABLE `notifications`
  MODIFY `notification_id` int(11) NOT NULL AUTO_INCREMENT, AUTO_INCREMENT=491;

--
-- AUTO_INCREMENT for table `promo`
--
ALTER TABLE `promo`
  MODIFY `promo_id` int(11) NOT NULL AUTO_INCREMENT, AUTO_INCREMENT=8;

--
-- AUTO_INCREMENT for table `qr_payment`
--
ALTER TABLE `qr_payment`
  MODIFY `id` int(11) NOT NULL AUTO_INCREMENT, AUTO_INCREMENT=2;

--
-- AUTO_INCREMENT for table `service`
--
ALTER TABLE `service`
  MODIFY `service_id` int(11) NOT NULL AUTO_INCREMENT, AUTO_INCREMENT=25;

--
-- AUTO_INCREMENT for table `service_supplies`
--
ALTER TABLE `service_supplies`
  MODIFY `id` int(11) NOT NULL AUTO_INCREMENT, AUTO_INCREMENT=52;

--
-- AUTO_INCREMENT for table `supply`
--
ALTER TABLE `supply`
  MODIFY `supply_id` int(11) NOT NULL AUTO_INCREMENT, AUTO_INCREMENT=8;

--
-- AUTO_INCREMENT for table `users`
--
ALTER TABLE `users`
  MODIFY `user_id` int(11) NOT NULL AUTO_INCREMENT, AUTO_INCREMENT=83;

--
-- Constraints for dumped tables
--

--
-- Constraints for table `appointment_services`
--
ALTER TABLE `appointment_services`
  ADD CONSTRAINT `appointment_services_ibfk_1` FOREIGN KEY (`appointment_transaction_id`) REFERENCES `appointment_transaction` (`appointment_transaction_id`) ON DELETE CASCADE,
  ADD CONSTRAINT `appointment_services_ibfk_2` FOREIGN KEY (`service_id`) REFERENCES `service` (`service_id`) ON DELETE CASCADE;

--
-- Constraints for table `appointment_transaction`
--
ALTER TABLE `appointment_transaction`
  ADD CONSTRAINT `appointment_transaction_ibfk_1` FOREIGN KEY (`user_id`) REFERENCES `users` (`user_id`),
  ADD CONSTRAINT `appointment_transaction_ibfk_2` FOREIGN KEY (`branch_id`) REFERENCES `branch` (`branch_id`),
  ADD CONSTRAINT `appointment_transaction_ibfk_4` FOREIGN KEY (`dentist_id`) REFERENCES `dentist` (`dentist_id`);

--
-- Constraints for table `branch_announcements`
--
ALTER TABLE `branch_announcements`
  ADD CONSTRAINT `fk_branch_announcements_announcement` FOREIGN KEY (`announcement_id`) REFERENCES `announcements` (`announcement_id`) ON DELETE CASCADE ON UPDATE CASCADE,
  ADD CONSTRAINT `fk_branch_announcements_branch` FOREIGN KEY (`branch_id`) REFERENCES `branch` (`branch_id`) ON DELETE CASCADE ON UPDATE CASCADE;

--
-- Constraints for table `branch_promo`
--
ALTER TABLE `branch_promo`
  ADD CONSTRAINT `branch_promo_ibfk_1` FOREIGN KEY (`promo_id`) REFERENCES `promo` (`promo_id`),
  ADD CONSTRAINT `branch_promo_ibfk_2` FOREIGN KEY (`branch_id`) REFERENCES `branch` (`branch_id`);

--
-- Constraints for table `branch_service`
--
ALTER TABLE `branch_service`
  ADD CONSTRAINT `fk_branch` FOREIGN KEY (`branch_id`) REFERENCES `branch` (`branch_id`) ON DELETE CASCADE,
  ADD CONSTRAINT `fk_service` FOREIGN KEY (`service_id`) REFERENCES `service` (`service_id`) ON DELETE CASCADE;

--
-- Constraints for table `branch_supply`
--
ALTER TABLE `branch_supply`
  ADD CONSTRAINT `branch_supply_ibfk_1` FOREIGN KEY (`supply_id`) REFERENCES `supply` (`supply_id`),
  ADD CONSTRAINT `branch_supply_ibfk_2` FOREIGN KEY (`branch_id`) REFERENCES `branch` (`branch_id`);

--
-- Constraints for table `dental_prescription`
--
ALTER TABLE `dental_prescription`
  ADD CONSTRAINT `dental_prescription_ibfk_1` FOREIGN KEY (`appointment_transaction_id`) REFERENCES `appointment_transaction` (`appointment_transaction_id`),
  ADD CONSTRAINT `fk_prescription_admin` FOREIGN KEY (`admin_user_id`) REFERENCES `users` (`user_id`) ON DELETE SET NULL ON UPDATE CASCADE;

--
-- Constraints for table `dental_transaction`
--
ALTER TABLE `dental_transaction`
  ADD CONSTRAINT `dental_transaction_ibfk_1` FOREIGN KEY (`appointment_transaction_id`) REFERENCES `appointment_transaction` (`appointment_transaction_id`),
  ADD CONSTRAINT `dental_transaction_ibfk_2` FOREIGN KEY (`dentist_id`) REFERENCES `dentist` (`dentist_id`),
  ADD CONSTRAINT `fk_dental_transaction_admin` FOREIGN KEY (`admin_user_id`) REFERENCES `users` (`user_id`) ON DELETE SET NULL ON UPDATE CASCADE,
  ADD CONSTRAINT `fk_dental_transaction_promo` FOREIGN KEY (`promo_id`) REFERENCES `promo` (`promo_id`) ON DELETE SET NULL;

--
-- Constraints for table `dental_transaction_services`
--
ALTER TABLE `dental_transaction_services`
  ADD CONSTRAINT `dental_transaction_services_ibfk_1` FOREIGN KEY (`dental_transaction_id`) REFERENCES `dental_transaction` (`dental_transaction_id`) ON DELETE CASCADE,
  ADD CONSTRAINT `dental_transaction_services_ibfk_2` FOREIGN KEY (`service_id`) REFERENCES `service` (`service_id`);

--
-- Constraints for table `dental_vital`
--
ALTER TABLE `dental_vital`
  ADD CONSTRAINT `dental_vital_ibfk_1` FOREIGN KEY (`appointment_transaction_id`) REFERENCES `appointment_transaction` (`appointment_transaction_id`),
  ADD CONSTRAINT `fk_vital_admin` FOREIGN KEY (`admin_user_id`) REFERENCES `users` (`user_id`) ON DELETE SET NULL ON UPDATE CASCADE;

--
-- Constraints for table `dentist_branch`
--
ALTER TABLE `dentist_branch`
  ADD CONSTRAINT `dentist_branch_ibfk_1` FOREIGN KEY (`dentist_id`) REFERENCES `dentist` (`dentist_id`),
  ADD CONSTRAINT `dentist_branch_ibfk_2` FOREIGN KEY (`branch_id`) REFERENCES `branch` (`branch_id`);

--
-- Constraints for table `dentist_schedule`
--
ALTER TABLE `dentist_schedule`
  ADD CONSTRAINT `dentist_schedule_ibfk_1` FOREIGN KEY (`dentist_id`) REFERENCES `dentist` (`dentist_id`),
  ADD CONSTRAINT `dentist_schedule_ibfk_2` FOREIGN KEY (`branch_id`) REFERENCES `branch` (`branch_id`);

--
-- Constraints for table `dentist_service`
--
ALTER TABLE `dentist_service`
  ADD CONSTRAINT `dentist_service_ibfk_1` FOREIGN KEY (`dentist_id`) REFERENCES `dentist` (`dentist_id`) ON DELETE CASCADE,
  ADD CONSTRAINT `dentist_service_ibfk_2` FOREIGN KEY (`service_id`) REFERENCES `service` (`service_id`) ON DELETE CASCADE;

--
-- Constraints for table `notifications`
--
ALTER TABLE `notifications`
  ADD CONSTRAINT `notifications_ibfk_1` FOREIGN KEY (`user_id`) REFERENCES `users` (`user_id`) ON DELETE CASCADE;

--
-- Constraints for table `users`
--
ALTER TABLE `users`
  ADD CONSTRAINT `fk_guardian_user` FOREIGN KEY (`guardian_id`) REFERENCES `users` (`user_id`) ON DELETE SET NULL;
COMMIT;

/*!40101 SET CHARACTER_SET_CLIENT=@OLD_CHARACTER_SET_CLIENT */;
/*!40101 SET CHARACTER_SET_RESULTS=@OLD_CHARACTER_SET_RESULTS */;
/*!40101 SET COLLATION_CONNECTION=@OLD_COLLATION_CONNECTION */;
